l3_code,l3_name,l3_domain,l1_code,vn_id,vn_name,vn_composition,vn_physical_form,vn_start_point,vn_end_point,m_anchor,kpi_anchor,attr1_business_position,attr2_value_property,attr3_physical_existence,attr4_data_validation,gate1_data_linked,gate2_grounded,gate3_traceable,overall_judgment,is_fused,priority,notes
L3-ASD,经代机构售后服务流程,JD,L1-04,VN-ASD-01,投诉处理报告,投诉记录+投诉录音+上诉记录+CRC材料包+处理结论,投诉档案（记录表+录音+邮件+会议纪要）,客户投诉通过热线/电邮接收,投诉覆核委员会（CRC）作出处理结论,M1 中台运营; M7 产品策略与团队治理,投诉处理时效、投诉闭环率、客户投诉升级率,PASS,PASS,PASS,PASS,PARTIAL,PARTIAL,PARTIAL,PARTIAL,False,P1,新增机构售后流程价值节点
L3-ASD,经代机构售后服务流程,JD,L1-04,VN-ASD-02,售后服务质量监控报告,投诉量统计+处理时效+整改建议+服务质量评分,《售后服务质量监控报告》（PDF/Excel）,监控周期开始,监控报告输出并推动整改,M7 产品策略与团队治理,投诉处理时效、客户满意度、整改完成率,PASS,PASS,PASS,PASS,PARTIAL,PARTIAL,PARTIAL,PARTIAL,False,P1,新增机构售后流程价值节点
L3-BAM,银行账户基础设施管理,FIN,L1-03,VN-BAM-01,银行账户全生命周期管理资产包,《开户资料清单》+《U盾登记台账》+《月度对账单接收清单》+《账户状态盘点表》+《U盾变更/交接记录》+《银行费用汇总表》+《账户全生命周期档案袋》,Excel台账包+PDF档案,开户需求,账户全生命周期档案闭环归档,M0 数理基建; M7 产品策略与团队治理; M8 财务结算,账户盘点覆盖率、U盾交接合规率、档案完整率,PASS,PASS,PASS,FAIL,FAIL,FAIL,FAIL,FAIL,True,P0,资金管理D1-D4调研确认：U盾分散在魏总/王总/SOSO/Chaya/人力手上，无登记台账；对账单各自获取无统一分发；33+账户无定期盘点；档案无统一归档。
L3-BAM,银行账户基础设施管理,FIN,L1-03,VN-BAM-02,银行准入评估与支付工具管理记录,《银行准入评估表》（4维度：业务支持能力/关系/手续费/操作便利性）+《支票领用登记台账》,"Excel评估表+台账（待建设）· 当前银行准入无标准""东开一个西开一个""；支票双签形同虚设（老板签完一本给财务）",开户需求/支付需求,支票领用登记闭环,M7 产品策略与团队治理; M8 财务结算,银行准入合规率、支票使用合规率,PASS,PASS,PASS,FAIL,PARTIAL,PARTIAL,PARTIAL,PARTIAL,True,P1,"批次8-Roy访谈：银行准入无标准导致账户""东开一个西开一个""；支票双签形同虚设（老板签完一本给财务）。待B-CFM-11/12 Mark裁定"
L3-BSRV,经代机构结算与日常运营评估,JD,L1-04,VN-BSRV-01,机构结算核对台账,按费用类型（结算服务费/权益费/管理费/合规费/邮箱费）核对的结算明细 + 核对确认记录,Excel台账（当前无标准格式，需建立）,机构结算周期到达，各费用类型账单生成,结算金额核对确认，移交中台对应结算 L3（COM/SSVA/STLM）执行付款,M7 产品策略与团队治理; M8 财务结算,结算核对准确率、结算及时率、费用类型覆盖率,PASS,PASS,PARTIAL,PARTIAL,PARTIAL,PARTIAL,PARTIAL,PARTIAL,False,P1,2026-07-04 新增：基于财务付款调研（D2偏差分析20260523）+ 经代业务访谈；L4-BSRV-01为过程活动无VN；L4-BSRV-02台账当前无标准格式；结算路径牌照→塞尔斯/RW/NGM/NGA；下游触发COM/SSVA/STLM
L3-CFM,现金流规划与资金调度管理,FIN,L1-03,VN-CFM-01,现金流管理报告包,《收款预测表》+《4周付款计划表》+《缺口预警+调度方案》+《跨主体调拨审批单》+《资金池监控表》+《银行结余台账》+《周度结余报表》+《月度现金流预测报告》,Excel报表包,收款预测,现金流预测报告定稿归档,M0 数理基建; M1 中台运营; M8 财务结算,预测准确率、缺口预警及时率、资金调拨合规率,PASS,PASS,PASS,PASS,FAIL,FAIL,FAIL,FAIL,True,P0,资金管理D1-D4调研确认：MOMO仅提供当期数据无预测；付款计划依赖个人经验；每天手动算缺口；跨主体调拨仅牌照→塞尔斯有合同；无资金池；体系外对账一年一次；仅每周手工结余报表。
L3-CFM,现金流规划与资金调度管理,FIN,L1-03,VN-CFM-02,资金付款审批单,《资金付款审批单》（含原始凭证+计算逻辑+业务审批意见+财务复核意见）,审批单/共用表（待建设）· 当前无业务审批，资金付款完全听业务的；财务无原始凭证和计算逻辑支撑，复核流于形式,业务付款需求,资金付款执行,M7 产品策略与团队治理; M8 财务结算,付款审批覆盖率、原始凭证完整率、复核准确率,PASS,PASS,PASS,PASS,PARTIAL,PARTIAL,PARTIAL,PARTIAL,True,P1,批次8-Roy访谈：无业务审批，资金付款完全听业务的；财务无原始凭证和计算逻辑支撑，复核流于形式；Carrie正在做端到端打通。待B-CFM-13 Mark裁定
L3-CPM,流程持续监控与优化闭环管理,MGA,L1-03,VN-CPM-01,机构监控指标体系与看板,《机构监控指标体系》+ 看板URL + 实时数据流,方案文档(Word/PDF) + BI看板URL,机构进入BAU运营阶段,看板上线并持续产出实时数据流,M1 中台运营; M2 KPI报表,流程KPI达成率、月度健康度报告产出率,PASS,PASS,PARTIAL,FAIL,PARTIAL,FAIL,FAIL,FAIL,False,P1,候选VN(2026-07-14确认)。包含L4-CPM-01+02。监控维度由合同约定，不超越合同边界。当前看板未上线，gate未通过。
L3-CPM,流程持续监控与优化闭环管理,MGA,L1-03,VN-CPM-02,优化闭环执行包,《月度健康度报告》+《优化决议》+《优化执行报告》,报告文档(Word/PDF) + 决议文档,月度分析周期启动,优化执行确认闭环效果，案例入库,M1 中台运营; M7 产品策略与团队治理,优化建议采纳率、异常响应时效,PASS,PASS,PARTIAL,FAIL,PARTIAL,FAIL,FAIL,FAIL,False,P1,候选VN(2026-07-14确认)。包含L4-CPM-03+04+05。月度固定闭环节奏，不允许只监控不改进。与L3-EFB联动执行。
L3-CRR,合作伙伴续约管理,JD,L1-05,VN-CRR-01,合作伙伴到期审核记录,出单核查结果 + 续签/终止决定 + 合作伙伴类型标注,Excel台账记录 / 待建标准表单（当前无标准格式）,合约到期日到达（理财师9个月 / 合作伙伴12个月）,续签流程启动 或 合约终止执行,M7 产品策略与团队治理,到期识别准确率、续约资格审核覆盖率,PASS,PASS,PARTIAL,PARTIAL,PARTIAL,PARTIAL,PARTIAL,PARTIAL,True,P0,对象重新定义后新增；包含L4-CRR-06~09，当前依赖人工台账，需建立标准表单、预警规则与系统预警
L3-CRR,合作伙伴续约管理,JD,L1-05,VN-CRR-02,续约前流失预警报告,高风险合作伙伴名单 + 预警触发原因 + 介入动作记录 + 处置结果,待建（当前完全空白，流程不存在）,到期前N天系统或人工触发（触发规则待业务方裁定）,介入动作完成 / 预警关闭（续签确认或终止确认）,M4 业务与市场渗透; M7 产品策略与团队治理,T11续约前流失预警处置率、预警触发准确率、介入完成率,PASS,PASS,FAIL,FAIL,FAIL,FAIL,FAIL,FAIL,True,P1,对象重新定义后新增；包含L4-CRR-10~11，商务岗当前缺位
L3-SSD,同行经代服务方案设计,EQ,L1-04,VN-EQ-01,同行经代服务方案,《服务方案框架设计》+《个性化方案编写与评审》（框架+个性化双子产物）,Word/PPT方案文件,同行经代合作意向+机构需求,《服务方案》[审核通过+机构确认版],M3 NGP; M4 业务与市场渗透,方案审核通过率、同行经代合作转化率,PASS,PASS,PASS,PASS,FAIL,PARTIAL,FAIL,FAIL,True,P1熔断,建立服务方案框架模板；区分合同与方案的物理形态，补齐个性化方案产物
L3-RSD,权益方案框架设计,EQ,L1-05,VN-EQ-02,初版权益规划方案,《初版权益规划方案》+《权益成本测算表》+《权益测算模型表》+《权益商务&财务路径图》,Word/PPT/Excel·方案文件+测算表,业务线需求/佣金点位（预算）,《初版权益规划方案》[内部评审版],M4 业务与市场渗透; M7 产品策略与团队治理,方案评审通过率、方案交付周期,PASS,PASS,PASS,PASS,PASS,PASS,PARTIAL,PARTIAL,False,P1,调研确认(2026-06-11):对外实际交付物，完整端到端方案；RSD-02/03/04为中间产物已删除VN标记
L3-RPD,权益包设计与发布,EQ,L1-05,VN-EQ-03,权益推广素材包,权益海报/PPT/宣达文案,PPT/图片/文案素材包,权益包发布确认,《权益推广素材包》[可用状态],M4 业务与市场渗透; M6 业务渗透,推广素材使用率、业务线触达率,PASS,PASS,PASS,PASS,PASS,PASS,PASS,PASS,False,P1,调研确认(2026-06-11):RPD-01/02为内部配置不纳入VN；RPD-06交付物细化为四张配置表
L3-OBC,权益方案目标确认与共识达成,EQ,L1-05,VN-EQ-04,终版权益规划方案,《终版权益规划方案》（对外交付物）,Word/PPT方案文件,初版方案评审反馈,《终版权益规划方案》[Mark签核版],M4 业务与市场渗透; M7 产品策略与团队治理,方案审批通过率、决策周期,PASS,PASS,PASS,PASS,PASS,PASS,PASS,PASS,False,P1,调研确认(2026-06-11):OBC-01/02为内部步骤不纳入VN
L3-CDS,权益相关商务合同起草与签订,EQ,L1-05,VN-EQ-05,已签权益商务合同,已签署合同/RW协议登记表,PDF签署版 + 登记表,权益包发布 + 合同要点确认,合同签订完成,M7 产品策略与团队治理; M8 财务结算,合同签署周期、合同合规率,PASS,PASS,PASS,PASS,PASS,PARTIAL,PARTIAL,PARTIAL,False,P1,调研确认(2026-06-11):合同签订在权益包设计完成后才能确定内容
L3-SPD,服务流程配置与培训,EQ,L1-05,VN-EQ-06,权益内训素材包,服务使用规则、服务凭证管理要求、RW权益包配置表、内训素材,PPT/文档/视频,权益包配置完成,《权益内训素材包》[培训完成],M1 中台运营; M6 业务渗透,培训覆盖率、客户使用熟练度,PASS,PASS,PASS,PASS,PASS,PASS,PASS,PASS,False,P1,调研确认(2026-06-11):新增服务凭证管理要求交付物
L3-COB,客户入驻权益服务启动,EQ,L1-05,VN-EQ-07,客户权益赋能包,内训素材；权益包使用规则；服务使用规则,权益方案宣达确认（无标准化交付物）,合同签署完成 + 系统账户初始化,《客户权益赋能包》[客户确认],M4 业务与市场渗透; M6 业务渗透,客户入驻确认率、赋能完成率,PASS,PARTIAL,PASS,PASS,PASS,PASS,PARTIAL,PARTIAL,False,P1,调研确认(2026-06-11):客户赋能无标准化确认交付物，建议建立确认模板
L3-SDS,服务相关商务合同起草与签订,EQ,L1-05,VN-EQ-08,已签服务协议,已签服务协议/RW协议登记表,已签服务协议/合同文件（Word/PDF签署版）,服务寻源与设计完成,《已签服务协议》[双方盖章版],M7 产品策略与团队治理; M8 财务结算,协议签署周期、服务上线率,PASS,PASS,PASS,PASS,PASS,PARTIAL,PARTIAL,PARTIAL,False,P1,调研确认(2026-06-11):上账号前必须全部签完
L3-SLM,权益上市推广,EQ,L1-05,VN-EQ-09,权益上市推广素材,上市推广素材/触达记录,权益上市推广素材（海报/PPT/宣达文案）,结算完成,《权益上市推广素材》[发布完成],M4 业务与市场渗透; M6 业务渗透,目标受益方触达率、推广转化率,PASS,PASS,PASS,PASS,FAIL,FAIL,FAIL,FAIL,True,P0熔断,调研确认(2026-06-11):8个L4完整上市推广流程完全不存在，待预算确认后激活
L3-EO,理财师权益分级与绩效监控,AGT,L1-05,VN-EQ-10,理财师分级清单,《理财师分级清单》,理财师分级清单（系统导出/Excel）,业绩数据 + 分级规则,《理财师分级清单》[公示版],M2 KPI报表; M6 业务渗透,分级准确率、公示申诉率,PASS,PASS,PASS,PASS,PARTIAL,PARTIAL,PARTIAL,PARTIAL,False,P2(待确认),调研确认(2026-06-11):主要执行在天领运营团队，权益部门仅提供规则支持；9个L4中仅EO-01确认有交付物
L3-CDA-SRA,权益客户需求诊断与服务需求分析,EQ,L1-05,VN-EQ-11,经确认的客户权益需求清单,《权益需求收集表》+《服务需求确认单》,需求确认记录（邮件/会议纪要/确认单）+ 签字版需求清单,业务线提需求,《经确认的客户权益需求清单》v.final,M1 中台运营; M6 业务渗透,需求确认完整率、需求变更率,PARTIAL,PARTIAL,PARTIAL,PARTIAL,PARTIAL,PARTIAL,PARTIAL,PARTIAL,False,P1,由L3-CDA与L3-SRA合并生成；L4-CDASRA-02交付物已裁定为《经确认的客户权益需求清单》
L3-FBA,理财师业务分析,AGT,L1-04,VN-FBA-01,月度/季度经营分析报告,《月度业绩报表》+《理财师活动率分析表》+《转化情况追踪表》+《分公司经营分析报告》,Excel/文档,业绩数据收集,上报总部,M1 中台运营; M2 KPI报表; M4 业务与市场渗透,报告准确率、分析覆盖率、偏差发现及时率,PASS,PASS,PASS,PASS,PARTIAL,FAIL,FAIL,FAIL,True,P1,批次9调研：川渝已形成经营分析模型，其他分公司正在建设；总部经营输出尚未到位
L3-FLM,理财师线索挖掘与招募,AGT,L1-04,VN-FLM-01,招募计划与执行记录,《分公司招募计划表》+《招募线索登记表》+《面试评估记录》,Excel/纸质文档,招募需求提出,执行记录归档,M1 中台运营; M4 业务与市场渗透,招募计划完成率、招募执行覆盖率,PASS,PASS,PASS,PASS,PARTIAL,FAIL,FAIL,FAIL,True,P1,批次9调研：招募全员责任，组织发展经理主责；年初有人力大数要求但上半年未严格追踪；执行有差异
L3-FOB,理财师入职与上岗,AGT,L1-04,VN-FOB-01,转介协议及附属协议签署版,《转介协议》+《权益协议》+《培训协议》+《顾问协议》签署版,PDF/纸质签署版,入职资料审核,寄总部归档,M7 产品策略与团队治理; M8 财务结算,协议签署率、归档完整率,PASS,PASS,PASS,PASS,PASS,PASS,PASS,PASS,False,P0,批次9调研：转介协议及各类附属协议签署后寄总部归档，有明确物理交付物
L3-FOB,理财师入职与上岗,AGT,L1-04,VN-FOB-02,新人90天培养计划,《新人90天培养计划》（含月1熟悉公司/月2产品+陪访/月3推晋升）,PPT/Excel/文档,入职完成,培养完成评估,M1 中台运营; M4 业务与市场渗透,新人留存率、首单转化率、培养目标达成率,PASS,PASS,PASS,PASS,PARTIAL,FAIL,FAIL,FAIL,True,P1,批次9调研：成都重庆已有成熟90天培养模型；新分公司正在整合标准；需标准化为全公司统一模板
L3-FOR,理财师运营支持,AGT,L1-04,VN-FOR-01,首单陪跑记录,《首单陪跑记录》（含组织发展经理/团队长/产品经理/副总跟进记录）,Excel/文档,新人入职,记录归档,M1 中台运营; M4 业务与市场渗透,首单转化率、陪跑覆盖率、出单周期,PASS,PASS,PASS,PASS,PARTIAL,FAIL,FAIL,FAIL,True,P1,批次9调研：首单陪跑有执行，组织发展经理/团队长/产品经理/副总多角色跟进
L3-FOR,理财师运营支持,AGT,L1-04,VN-FOR-02,月度营销启发案,《月度营销启发案》（含活动安排、推动策略、出单目标）,PPT/文档,月度周期触发,效果评估,M4 业务与市场渗透; M6 业务渗透,营销启发案执行率、活动参与率、恒常出单率,PASS,PASS,PASS,PASS,PARTIAL,FAIL,FAIL,FAIL,True,P1,批次9调研：每月有营销启发案，推动恒常出单（BIU运营）
L3-FPG,理财师绩效与激励,AGT,L1-04,VN-FPG-01,月度/季度考核指标表,《月度/季度考核指标表》（含月1激活率/客户名单量/约访量；月2转化率/陪访；月3晋升率）,Excel,指标设定,执行评估,M2 KPI报表; M7 产品策略与团队治理,指标定稿率、指标覆盖率、绩效挂钩执行率,PASS,PASS,PASS,PASS,PARTIAL,FAIL,FAIL,FAIL,True,P1,批次9调研：考核指标正在制定中，尚未定稿；需明确月1/月2/月3不同重点指标
L3-FPG,理财师绩效与激励,AGT,L1-04,VN-FPG-02,季度激励方案,《季度激励方案》（含激励规则、核算标准、发放记录）,Excel/文档· 季度方案（非强制协议），按进人/产能给予支持,季度周期触发,发放,M4 业务与市场渗透; M8 财务结算,激励方案覆盖率、核算准确率、发放及时率,PASS,PASS,PASS,PASS,PARTIAL,FAIL,FAIL,FAIL,True,P1,批次9调研：季度激励方案有执行；非强制协议形式；需加强与考核指标和晋升的联动
L3-FTR,理财师培训与转介签约,AGT,L1-04,VN-FTR-01,培训课程体系（含配套工具）,《培训课程体系》+配套督导工具+表格+资料库,PPT/视频/表格· 总部在做资料库，通过微盘分发,培训需求,分发,M1 中台运营; M4 业务与市场渗透; M5 AI自动化,培训覆盖率、资料使用率、培训满意度,PASS,PASS,PASS,PASS,PARTIAL,FAIL,FAIL,FAIL,True,P1,批次9调研：总部在做资料库，含配套督导工具、表格；通过微盘分发；理财师自取或行政再分发
L3-SPE,人员绩效管理流程,STG,L1-03,VN-HR-03,绩效方案,《绩效方案》(按岗位/板块下发),Excel/Word绩效方案 · xlsx/docx,Mark确定业务目标 + HR拆解KPI,《绩效方案》[被考核人确认版],M0 数理基建; M2 KPI报表; M7 产品策略与团队治理,绩效方案覆盖率、绩效方案及时率、绩效考核结果应用率,PASS,PASS,PASS,PASS,PARTIAL,PARTIAL,PARTIAL,PARTIAL,False,P1,对外交付物-业务部门/员工
L3-HRA,人力分析与决策支持流程,HR,L1-04,VN-HR-04,人效分析报告,《人效分析报告》(含行业/历史对标),Excel/PPT分析报告 · xlsx/pptx,人力数据采集 + 财务数据对接,《人效分析报告》[管理层审阅版],M0 数理基建; M2 KPI报表; M3 NGP,人效分析覆盖率、分析结论采纳率、报告产出时效,PASS,PASS,PASS,FAIL,PARTIAL,PARTIAL,PARTIAL,PARTIAL,True,P1,对外交付物-管理层/Mark
L3-HRA,人力分析与决策支持流程,HR,L1-04,VN-HR-05,人力资源诊断与改善建议报告,《人力资源诊断与改善建议报告》(问题清单+根因+建议+责任),Word/PPT报告 · docx/pptx,人效/成本/薪酬/流失率分析,《诊断报告》[改善行动可跟踪版],M0 数理基建; M2 KPI报表; M7 产品策略与团队治理,诊断报告覆盖率、改善建议执行率、问题闭环率,PASS,PASS,PASS,PASS,PARTIAL,FAIL,PARTIAL,FAIL,True,P0,对外交付物-管理层/Mark
L3-HRM,人员全生命周期管理流程,HR,L1-03,VN-HR-06,岗位编制方案,《岗位编制方案》+《岗位JD》,Excel/Word编制方案 · xlsx/docx,业务目标 + 工作量分析,《岗位编制方案》[Mark/业务部门确认版],M0 数理基建; M1 中台运营; M7 产品策略与团队治理,编制准确率、岗位设计认可度、编制执行偏差率,PASS,PASS,PASS,PASS,PARTIAL,PARTIAL,PARTIAL,PARTIAL,False,P1,对外交付物-业务部门/管理层
L3-HRM,人员全生命周期管理流程,HR,L1-03,VN-HR-07,员工劳动合同,《劳动合同》/《Offer》,纸质合同(双签盖章) + 电子Offer · pdf,招聘录用决策,《劳动合同》[员工签字+公司盖章生效],M0 数理基建; M7 产品策略与团队治理; M8 财务结算,合同签署及时率、合同合规率、员工档案建档率,PASS,PASS,PASS,PASS,PASS,PARTIAL,PASS,PARTIAL,False,P0,对外交付物-员工
L3-HRM,人员全生命周期管理流程,HR,L1-03,VN-HR-08,员工成长路径方案,《员工成长路径方案》+《考核方案》,Word/Excel方案 · docx/xlsx,员工入职/晋升 + 岗位序列分析,《成长路径方案》[员工确认版],M2 KPI报表; M6 业务渗透; M7 产品策略与团队治理,成长路径覆盖率、路径方案执行率、员工晋升率,PASS,PASS,PASS,PASS,PARTIAL,FAIL,PARTIAL,FAIL,True,P1,对外交付物-员工
L3-HRM,人员全生命周期管理流程,HR,L1-03,VN-HR-09,绩效考核结果,《绩效考核结果》(KPI得分+绩效等级+改进建议),Excel/系统记录 · xlsx/系统界面,绩效方案目标 + 考核周期执行,《绩效考核结果》[被考核人确认版],M2 KPI报表; M7 产品策略与团队治理; M8 财务结算,考核覆盖率、考核结果确认率、结果应用率(调薪/晋升/培训),PASS,PASS,PASS,PASS,PARTIAL,PARTIAL,PARTIAL,PARTIAL,False,P1,对外交付物-员工/业务部门
L3-HRM,人员全生命周期管理流程,HR,L1-03,VN-HR-10,员工档案,《员工档案》(全周期记录:基本信息+合同+绩效+培训+薪酬+晋升+离职),纸质档案袋 + Excel/系统记录 · xlsx/系统界面,员工入职,全生命周期记录积累,M0 数理基建; M2 KPI报表; M7 产品策略与团队治理,档案完整率、档案准确率、档案查询响应时效,PASS,PASS,PASS,PASS,PARTIAL,FAIL,PARTIAL,FAIL,True,P0,对外交付物-企业/管理层
L3-SPE,人员绩效管理流程,STG,L1-03,VN-HR-11,人工成本报表,《人工成本报表》（按主体/业务线拆分）,Excel报表 · xlsx,人员成本数据采集 + 业务线归属确认,《人工成本报表》[财务/敏然确认版],M0 数理基建; M2 KPI报表; M8 财务结算,报表准确率、报表及时率、数据完整率,PASS,PASS,PASS,PASS,PASS,PASS,PARTIAL,PARTIAL,False,P1,对外交付物-财务/敏然；每月提供，财务按主体分、敏然按业务线分
L3-SPE,人员绩效管理流程,STG,L1-03,VN-HR-12,人员归属表,《人员归属表》（含业务线分配）,Excel报表 · xlsx,Fiona提供员工名单 + 敏然补充业务线归属,《人员归属表》[各部门确认版],M0 数理基建; M1 中台运营; M2 KPI报表,归属准确率、更新及时率、覆盖率,PASS,PASS,PASS,PASS,PASS,PASS,PARTIAL,PARTIAL,False,P1,对外交付物-各部门；Fiona名单→敏然补充业务线→各部门分发
L3-HRM,人员全生命周期管理流程,HR,L1-03,VN-HR-13,人员预算表,《月度人员预算表》,Excel预算表 · xlsx,预计人数 + 薪酬结构 + 资金需求,《人员预算表》[财务确认版],M0 数理基建; M1 中台运营; M8 财务结算,预算准确率、预算提交及时率、资金准备充足率,PASS,PASS,PASS,PASS,PASS,PASS,PASS,PASS,False,P1,对外交付物-财务；内地每月25号提交，香港提前5天
L3-HRM,人员全生命周期管理流程,HR,L1-03,VN-HR-14,工资发放凭证,《工资发放记录》+ 银行转账凭证,Excel记录 + 银行回单 · xlsx/pdf,薪酬计算确认 + 资金到位,《工资发放凭证》[员工确认+财务归档版],M0 数理基建; M7 产品策略与团队治理; M8 财务结算,发放准确率、发放及时率、凭证完整率,PASS,PASS,PASS,PASS,PASS,PARTIAL,PARTIAL,PARTIAL,False,P0,对外交付物-员工/财务；每月10号发薪
L3-IBRD,合作伙伴需求分析与诊断,JD,L1-02,VN-IBRD-01,合作伙伴尽调记录,牌照核查结果+保司Alice确认+团队配置+业务模式+过往经验,分散记录（口头沟通+微信记录+牌照截图+入系统记录，无标准化文档）,业务端（白博文、江通等）推送的同行机构信息,其他TR签单,M0 数理基建; M1 中台运营; M4 业务与市场渗透; M7 产品策略与团队治理,尽调记录完整率、尽调通过率,PASS,PASS,PARTIAL,PASS,PASS,PARTIAL,FAIL,FAIL,True,P0,按实际调研调整：流程蓝图中的业务目标量化在实际执行中完全未提及。尽调结果以分散记录形式存在，无标准化文档。【批次7确认】同行来源路径分散（白博文→MOMO→交付经理 vs 江通→菲菲），交付经理与TR职责重叠，合同签署后置。【批次8-MoMo补充】存在SLHK同行登记表实际管理工具（MoMo/菲菲/Mark三人同步），dim_process未定义；MoMo确认存在业务启动会PPT、滴滴phone系统、线上开户等实际步骤；合同后置根因为内商务岗位缺失，非策略选择；BD画像表填不回来时需由中台业务主动与同行沟通填补；系统支撑不足（IT系统bug多）。
L3-IBRD,合作伙伴需求分析与诊断,JD,L1-02,VN-IBRD-02,合作伙伴合作复盘与决策记录,《合作复盘报告》+《合作决策记录》（继续/调整/终止）,合作复盘会议纪要/报告 + 决策审批记录,合作运行一段时间后,完成合作复盘与决策,M4 业务与市场渗透; M7 产品策略与团队治理,合作方续约率、合作模式调整周期、复盘覆盖率,PARTIAL,PARTIAL,FAIL,FAIL,FAIL,FAIL,FAIL,FAIL,True,P1,2026-06-24 新增：原 L4-IBPCR-01 合作复盘与决策并入 L3-IBRD 后识别 | 2026-06-24 初步评估：合作复盘与决策目前无标准化模板/会议机制，物理载体缺失，数据验证未建立；待业务方（Mark/MoMo）复核确认
L3-IAO,保司合作接洽与评估,INS,L1-01,VN-INS-01,可行性报告,《可行性报告》,Word/PDF报告 · docx/pdf,保司市场情报+战略方向指示+历史接触记录,触发L3-IAC,M0 数理基建; M4 业务与市场渗透,待调研确认,PASS,FAIL,FAIL,PASS,FAIL,FAIL,FAIL,FAIL,True,P1,流程终点交付物，Mark签批后触发下游授权谈判；Mark确认: 可行性报告不存在（原r36并入，2026-07-30 W9-31；r36 l3_name「目标保司识别与初步接触」以 PG dim_process 口径「保司合作接洽与评估」为准，不予采纳） | VS-01批次7(2026-05-28)Mark确认: 可行性报告框架待建设; 触发=季度+跃升事件; L4-IAO从7→6(删除NDA); 岗位=Mark/牌照端负责人
L3-IAC-AUTH,授权确认（拆分后）,INSOPS,L1-01,VN-INS-02,已签合同+备案号,已签署合同+监管备案号,PDF签署版 + 备案凭证,合同终稿双方认可,触发L3-IRI,M7 产品策略与团队治理; M8 财务结算,待调研确认,PASS,PASS,PASS,PASS,PASS,PASS,PASS,PASS,False,P0,流程终点法律文件，交付法务/监管/保司三方 | VS-01批次7(2026-05-28)Mark确认: IAC拆分为谈判+授权确认; 让步边界清单待建设; 岗位=Mark/法务/业务团队
L3-IAC-NEG,合同谈判（拆分后）,INSOPS,L1-01,VN-INS-02,已签合同+备案号,已签署合同+监管备案号,PDF签署版 + 备案凭证,合同终稿双方认可,触发L3-IRI,M7 产品策略与团队治理; M8 财务结算,待调研确认,PASS,PASS,PASS,PASS,PASS,PASS,PASS,PASS,False,P0,流程终点法律文件，交付法务/监管/保司三方 | VS-01批次7(2026-05-28)Mark确认: IAC拆分为谈判+授权确认; 让步边界清单待建设; 岗位=Mark/法务/业务团队
L3-IRI,保司资源整合与深度对接,INS,L1-01,VN-INS-03,整合就绪确认书,《整合就绪确认书》,签字版确认书 · pdf,L3-IAC合同生效 + DIM_License写入,触发L3-IBE,M6 业务渗透; M7 产品策略与团队治理,整合就绪确认书签署率、整合就绪签署及时率,PASS,PARTIAL,PARTIAL,PASS,PASS,PASS,PARTIAL,PARTIAL,False,P1,流程终点签字交付物，确认整合就绪后触发运营赋能 | VS-01批次7(2026-05-28)Mark确认: 整合就绪确认书口头→建议升级签字; 岗位=业务团队/IT团队
L3-IBE,保司业务运营赋能,INS,L1-01,VN-INS-04,认证名单,《认证名单》,Excel/系统记录 · xlsx,培训课程完成 + 认证考核通过,《认证名单》[保司确认版],M6 业务渗透,认证名单准确率、名单更新及时率,PASS,FAIL,FAIL,PASS,FAIL,FAIL,FAIL,FAIL,True,P0熔断,交付给保司（外部）的最终确认文件 | VS-01批次7(2026-05-28)Mark确认: 能力基线报告实际不做待建设; 持续运营型; 岗位=A族和B族共享KPI
L3-IPI-ONB,产品上架（拆分后）,INSOPS,L1-01,VN-INS-05,Portfolio分析报告,《Portfolio分析报告》,Excel/PPT分析报告 · xlsx/pptx,产品上架后多维业绩数据,《Portfolio分析报告》[管理层决策参考版],M2 KPI报表; M6 业务渗透,待调研确认,PASS,PASS,PASS,PASS,PASS,PASS,PASS,PASS,False,P0,管理层决策参考的最终分析报告 | VS-01批次7(2026-05-28)Mark确认: Portfolio管理报告实际存在; L4-IPI从6→5(删除下架·只上不下); 岗位=产品运营团队 | 【2026-06-01拆分完成】L3-IPI→IPI-Onb(产品上架·8L4:01/02/03/04/05/06/09/11)+IPI-Ops(日常运营·4L4:08/10/12/13)；原L4-IPI-07下架步骤已废弃
L3-IPI-OPS,日常运营（拆分后）,INSOPS,L1-01,VN-INS-05,Portfolio分析报告,《Portfolio分析报告》,Excel/PPT分析报告 · xlsx/pptx,产品上架后多维业绩数据,《Portfolio分析报告》[管理层决策参考版],M2 KPI报表; M6 业务渗透,待调研确认,PASS,PASS,PASS,PASS,PASS,PASS,PASS,PASS,False,P0,管理层决策参考的最终分析报告 | VS-01批次7(2026-05-28)Mark确认: Portfolio管理报告实际存在; L4-IPI从6→5(删除下架·只上不下); 岗位=产品运营团队 | 【2026-06-01拆分完成】L3-IPI→IPI-Onb(产品上架·8L4:01/02/03/04/05/06/09/11)+IPI-Ops(日常运营·4L4:08/10/12/13)；原L4-IPI-07下架步骤已废弃
L3-IMF,保司市场反馈与数据回流,INS,L1-01,VN-INS-06,保司报告,《保司报告》,Word/PDF报告 · docx/pdf,FCT_POLICY/FCT_SALES_ACTIVITY业绩数据 + 保司市场数据,交付保司,M2 KPI报表; M6 业务渗透,保司报告按时产出率、报告数据完整率,PASS,PASS,PASS,PASS,PASS,PASS,PASS,PASS,False,P0,定期交付给保司（外部）的市场反馈报告 | VS-01批次7(2026-05-28)Mark确认: 保司反馈实际存在(周期性); 岗位=业务团队/Mark
L3-IMF,保司市场反馈与数据回流,INS,L1-01,VN-INS-07,调整建议书,《调整建议书》,Word/PDF报告 · docx/pdf,保司报告 + 保司反馈记录 + 内部策略分析,对接L1-01 + 输入L3-IRR,M4 业务与市场渗透; M7 产品策略与团队治理,调整建议书闭环率、建议采纳率,PASS,FAIL,FAIL,PASS,FAIL,FAIL,FAIL,FAIL,True,P1,流程终点交付物，对接战略层并输入续约决策流程 | VS-01批次7(2026-05-28)Mark确认: 调整建议书待建设; 岗位=业务团队/Mark
L3-IRR,保司绩效评估与续约决策,INS,L1-01,VN-INS-08,新合同/终止协议,新合同/终止协议,PDF签署版法律文件,联合评估结论双方认可,合同管理系统归档,M7 产品策略与团队治理; M8 财务结算,协议签署及时率、协议合规审批率,PASS,PASS,PASS,PASS,PASS,PASS,PASS,PASS,False,P0,"续约/终止流程终点的法律文件 | VS-01批次7(2026-05-28)Mark确认: 新合同/终止协议待建设[5/28快照]; 岗位=Mark/业务团队; Mark确认(2026-08-04):签署件已真实存在并在用,维持PASS,5/28待建状态已过期"
L3-IRR,保司绩效评估与续约决策,INS,L1-01,VN-INS-09,联合评估结论,《联合评估结论》,签字版评估文件 · pdf,周期总结 + 流失预警 + 内部评估,《联合评估结论》[双方签字存档版],M4 业务与市场渗透; M7 产品策略与团队治理,联合评估完成率、评估结论执行率,PASS,PASS,PASS,PASS,PASS,PASS,PASS,PASS,False,P0,"双方签字确认的评估结论，续约/终止决策依据 | VS-01批次7(2026-05-28)Mark确认: 联合评估结论待建设[5/28快照]; 岗位=Mark/业务团队; Mark确认(2026-08-04):签署件已真实存在并在用,维持PASS,5/28待建状态已过期"
L3-IRR,保司绩效评估与续约决策,INS,L1-01,VN-INS-10,周期总结报告,《周期总结报告》,Excel/PPT报告 · xlsx/pptx,FCT_POLICY/FCT_SALES_ACTIVITY合作周期业绩数据,《周期总结报告》[与保司共享版],M6 业务渗透; M8 财务结算,周期报告按时产出率、总结结论闭环率,PASS,PASS,PASS,PASS,PASS,PASS,PASS,PASS,False,P0,与保司共享的合作周期业绩总结报告 | VS-01批次7(2026-05-28)Mark确认: 周期总结报告实际存在(业绩报表形式); 岗位=Mark/业务团队
L3-JOPD,联合运营项目交付,JD,L1-04,VN-JOPD-01,联合运营项目交付完成包,《联合运营项目启动确认单》+《联合运营业务方案与市场分析报告》+《系统与品牌物料就绪确认包》+《人力资源就绪包》+《知识资产交付包》,文档/系统配置记录/截图/到岗确认/知识库清单,联合运营项目签约/立项决策完成,项目团队、系统、品牌、人力、知识资产全部就绪，可正式开展销售运营,M3 NGP; M4 业务与市场渗透,项目交付周期、交付完成率、各模块就绪率、销售启动周期,PASS,PASS,PARTIAL,FAIL,PARTIAL,PARTIAL,PARTIAL,PARTIAL,False,P1,"2026-06-24 新增：由 L3-JOTM, L3-THBOB, L3-HRD, L3-SKM, L3-SDSA 合并而成；流程尚未实际执行，初步评估待业务方确认"
L3-KAEM,KA赋能,KA,L1-04,VN-KAEM-01,KA培训完成记录,《培训签到表》+ 《培训内容纪要》,Excel/邮件记录（无标准化模板）,KA培训需求提出,记录归档,M1 中台运营; M4 业务与市场渗透,培训覆盖率、培训满意度,PASS,PARTIAL,PASS,PARTIAL,PARTIAL,FAIL,FAIL,FAIL,True,P1,批次7确认：无标准化培训模板和记录；统一研讨会可能无单独记录；单独培训存在但无标准纪要；需建立《KA培训标准模板》【批次8-MoMo补充】培训一般都是同行发起的，很少KA发起（KA没单就没需求）；明德提了需求就上权益；权益部调度杜永平负责。系统不行，纯手工操作：MoMo和马原媛沟通→传给杜永平记一下。
L3-KAEM,KA赋能,KA,L1-04,VN-KAEM-02,KA资讯发放核销记录,《资讯配置清单》+ RW系统核销记录,RW权益系统数据记录 + Excel台账,资讯配置（50篇文章）,RW系统核销,M1 中台运营; M5 AI自动化,资讯发放率、资讯阅读率（目前收到即算）,PASS,PASS,PASS,PARTIAL,PASS,PARTIAL,FAIL,FAIL,True,P1,批次7确认：RW权益系统配置50篇文章后直接发出；理财师收到即算核销（无需阅读）；核销形式化导致效果无法衡量；需优化为阅读后核销（点击阅读+停留30秒）【批次8-MoMo补充】系统不行，纯手工操作：MoMo和马原媛沟通→传给杜永平记一下；人手算权益激励金然后修正数据；资讯核销也是形式化（收到即算）。
L3-KAET,KA评估定级,KA,L1-03,VN-KAET-01,KA评估定级记录,《KA评估定级记录》模板（评估维度：出单量/持续性/团队规模/合作意愿/历史背景）,Excel模板（待建设）· 当前无定级体系（仅推进/暂缓两态），由MoMo根据合规要求和经验判断,KA线索接入,资源分配策略制定,M1 中台运营; M4 业务与市场渗透; M7 产品策略与团队治理,评估覆盖率、定级准确率、资源分配效率,PASS,PASS,PASS,PASS,FAIL,FAIL,FAIL,FAIL,True,P1候选,批次8-MoMo+流程蓝图V1.1：无定级体系（仅推进/暂缓两态）；个人就一张权益包不分级；机构分两种。待B-02 Mark裁定
L3-KAGA,KA业绩跟踪与运维,KA,L1-03,VN-KAGA-01,KA业绩汇总,《KA业绩汇总》报告（件数/保费/产品结构/转化率/偏差对比/策略优化）,Excel报表包（待建设）· 当前数据分散在签单系统（个人视角）和MoMo个人大表中，无统一汇总,签单系统数据 + MoMo大表,策略优化输入,M1 中台运营; M2 KPI报表; M4 业务与市场渗透,业绩汇总准确率、偏差对比覆盖率、策略优化闭环率,PASS,PASS,PASS,PASS,FAIL,FAIL,FAIL,FAIL,True,P1候选,批次8-MoMo+流程蓝图V1.1：MoMo手上有所有KA业绩情况（大表）；业绩会流于形式，只是看出单，无偏差对比和策略优化。待B-06 Mark裁定
L3-KAOP,KA上架准备,KA,L1-02,VN-KAOP-01,KA上架就绪确认,《KA上架就绪确认》清单（签回状态+系统配置+资料发放+就绪检查）,Excel/ checklist模板（待建设）· 当前无正式上架确认动作，系统配置后置,合同签署完成,正式运营启动,M1 中台运营; M7 产品策略与团队治理,上架完成率、从签约到出单周期,PASS,PASS,PASS,PASS,FAIL,FAIL,FAIL,FAIL,True,P1候选,批次8-MoMo+流程蓝图V1.1：系统不行（IT系统完全不行，录单都录不进去）；无展业计划也不监控展业计划。待B-03 Mark裁定
L3-KASC,KA转介合同起草与签订,KA,L1-02,VN-KASC-01,KA合同/协议签署版,《KA转介合同》+ 签章确认,PDF签署版法律文件（合同签回周期1-2个月）,L3-KAOP/KAEM输出（培训完成+产品资料包发放）,合同管理系统归档,M7 产品策略与团队治理,合同签回周期、合同签署率,PASS,PASS,PASS,FAIL,PASS,PARTIAL,FAIL,FAIL,True,P1,批次7确认：合同后置执行（先发培训+资料→约单→同步发合同），签回周期1-2个月；此前先发合同后不出单的经验教训导致流程改为后置；需规范合同签署流程并探索电子签章【批次8-MoMo补充】合同后置的根因为**内商务岗位缺失**，非策略选择。正常应有意向就签合约，但因人员缺失（内商务没有）变成有单了再签。icup交单后才起合约。BD应填画像描述表，很多人不填；若BD无法提供完整画像，中台业务需主动与同行沟通填补缺失信息。
L3-URD,联合运营需求诊断,JD,L1-04,VN-MGA-01,联合运营需求诊断包,《重复机构检查报告》+《数字化成熟度报告》+《商机规模预测》+《战略匹配度评分》+《需求诊断报告》,Word/PDF报告包（五报告合订）,合作伙伴接触意向+机构基础信息,《需求诊断报告》[BD/Mark确认版],M3 NGP; M4 业务与市场渗透,商机转化率、诊断报告交付周期,PASS,PARTIAL,PASS,PASS,FAIL,FAIL,FAIL,FAIL,True,P1熔断,优先建立《需求诊断报告》模板，作为L3-URD闭环终点Z的物理锚点
L3-URF,联合运营资源规整与框架方案设计,JD,L1-04,VN-MGA-02,联合运营框架方案,《联合运营框架方案》+《定制化内容方案设计》（框架+定制双子产物）,Word/PPT方案文件,L3-URD《需求诊断报告》[确认版],《联合运营框架方案》[审核版],M3 NGP; M4 业务与市场渗透,方案审核通过率、方案交付周期,PASS,PASS,PASS,PASS,FAIL,PARTIAL,FAIL,FAIL,True,P1熔断,补齐《定制化内容方案设计》模板；建立方案版本管理机制
L3-UCA,联合运营合约E2E,JD,L1-04,VN-MGA-03,联合运营合约包,《合同草案V1》+《审批节点嵌入配置》+合同/协议文件+已签署合同+《交付物包》（五步全链路）,Word合同+配置文档+PDF签署版+Excel交付清单,L3-URF《联合运营框架方案》[审核版],《已签署合同+交付物包》[双方签署+合规终验版],M3 NGP; M4 业务与市场渗透; M7 产品策略与团队治理,合同签署周期、交付物完整率、合同模板复用率,PASS,PASS,PASS,PASS,FAIL,PARTIAL,FAIL,FAIL,True,P1熔断,合并自L3-UCT+L3-UCS；优先补齐《合同草案V1》和《交付物包》作为闭环锚点
L3-NG,商务谈判与合同制定流程,JD,L1-02,VN-NG-01,同行合作协议/合同终稿,《合同终稿》+ 合同/协议文件,PDF签署版法律文件 + 合同管理系统归档记录,L3-IBRD尽调记录 + 谈判策略,双方签署生效并归档,M7 产品策略与团队治理,合同签署周期、合同签署成功率、合同归档完整率,PASS,PASS,PASS,PARTIAL,PARTIAL,PARTIAL,PARTIAL,PARTIAL,False,P0,2026-06-24 新增：基于调研同行合作需求诊断 VN识别 识别；L3-NG 合同谈判与签署流程 | 2026-06-24 初步评估：合同终稿及签署物理载体明确，但合同后置、签署周期/归档完整率未系统化管理；待业务方（Mark/MoMo）复核确认
L3-COM,佣金全链路管理,PAY,L1-03,VN-PAY-01,市场佣金制作产出包,《季度源头佣金表》+《市场佣金表》(2子产物同闭环),Excel(双子表+源头PDF合订)·xlsx+pdf,保险公司源头佣金PDF/Excel(季度),《市场佣金表(月)》v.final,M0 数理基建; M6 业务渗透; M7 产品策略与团队治理,佣金回收周期(KPI#15)、佣金口径准确率(KPI#16),PASS,PASS,PASS,PASS,PASS,PASS,PARTIAL,PARTIAL,False,P0,源头PDF录入标准化为P0优先行动 | L4判定(2026-06-03): 现有L4-COM-01~13完全覆盖VN-PAY-01全部7条规则(7Hybrid+0Aug+0Auto); 最高风险=P0-004源头PDF无OCR无验收标准(D1=0分); D4均分0.1为最大瓶颈; 双轨道校验SPOF单点(刘敏然一人执行交叉检验已弱化); 8份SOP待获取; B类7条Gap暂不执行+1条SOP待产出/C类11条挂起(1条已裁定); P1-004公式管理最接近Aug(9分); 无需新增L4，无需修改已有L4定义
L3-COM,佣金全链路管理,PAY,L1-03,VN-PAY-02,佣金实收确认表,《应收佣金核对表》+《实收佣金对账表》(对账孪生),Excel(单文件双sheet+银行回单截图)·xlsx,银行流水CSV + 财务记账凭证 + COM-02产出,《实收佣金对账表》[已对平],M0 数理基建; M8 财务结算,对账差异率(KPI#17)、对账时效(KPI#18),PASS,PASS,PASS,PARTIAL,PASS,PARTIAL,PASS,PARTIAL,False,P0,银行PDF自动化录入为P0行动
L3-COM,佣金全链路管理,PAY,L1-03,VN-PAY-03,应派清单三件套,《应派给理财师》+《应派给销售员》+《争议留痕表》,Excel(3-sheet合订)·xlsx,VN-PAY-02实收对账确认 + 协议参数(分润比例),《应派清单》[Mark签核版],M0 数理基建; M2 KPI报表; M8 财务结算,应派准确率(KPI#19)、争议关闭周期(KPI#20),PASS,PASS,PASS,PASS,PASS,PASS,PARTIAL,PARTIAL,False,P0,FIN003-A(2026-05-29): 10条规则100%回填·明确; 执行方式=7全人工+3半自动+0自动; 10张数据表锚定; 最高风险=SPOF单点(蔡依娜无AB角)+IA合规无系统拦截(播出率/同行支付率手工校验); D4外部依赖API化均分0.3为最大瓶颈; 5项优先行动: AB角/IA拦截/商务表API化/续保状态精简/SOP更新; 原备注: 争议留痕结构化为P0行动
L3-COM,佣金全链路管理,PAY,L1-03,VN-PAY-04,转介费派发确认台账,《转介费派发表》+《银行付款回执包》+《IA合规留痕》,Excel + 回执PDF(批量) + IA规则校验日志,VN-PAY-03 应派清单(Mark签核),《派发确认台账》[已对账+合规通过],M0 数理基建; M7 产品策略与团队治理; M8 财务结算,非持牌占比≤50%(IA硬指标)、同行支付≤88%(IA硬指标)、实派时效(KPI#21),PASS,PASS,PASS,FAIL,FAIL,FAIL,FAIL,FAIL,True,P0熔断,IA合规硬指标未达标，必须Mark+Carrie联合裁定
L3-COM,佣金全链路管理,PAY,L1-03,VN-PAY-06,理财师综合应派计算清单,《佣金应派》+《服务应派》+《奖金应派》+《股权/分红应派》,Excel(4子表合并)+四类协议附件,VN-PAY-03/05 + 协议库 + 奖金规则,《综合应派清单》[Mark签核+理财师确认],M2 KPI报表; M3 NGP; M7 产品策略与团队治理; M8 财务结算,理财师NPS(KPI#24)、综合应派一次通过率(KPI#25),PASS,PASS,PASS,FAIL,FAIL,PARTIAL,FAIL,FAIL,True,P0,协议参数中心化为P0，数据验证gate未通过触发熔断
L3-SSVA,服务结算与价值核算,EQ,L1-03,VN-PAY-06,理财师综合应派计算清单,《佣金应派》+《服务应派》+《奖金应派》+《股权/分红应派》,Excel(4子表合并)+四类协议附件,VN-PAY-03/05 + 协议库 + 奖金规则,《综合应派清单》[Mark签核+理财师确认],M2 KPI报表; M3 NGP; M7 产品策略与团队治理; M8 财务结算,理财师NPS(KPI#24)、综合应派一次通过率(KPI#25),PASS,PASS,PASS,FAIL,FAIL,PARTIAL,FAIL,FAIL,True,P0,协议参数中心化为P0，数据验证gate未通过触发熔断
L3-EXP,员工报销端到端流程,FIN,L1-03,VN-PAY-08,报销凭证包,《报销申请表》+《电子化凭证》+《审批留痕》,PDF/纸质(现状) → Excel+扫描件(目标),员工提单 + 收据/发票,《报销凭证包》[审批完成+财务出账],M5 AI自动化; M8 财务结算,报销周期(KPI#27)、合规率,PASS,PASS,PASS,FAIL,FAIL,FAIL,PARTIAL,FAIL,True,P1,L3-EXP已于2026-08-04经Mark裁定注册为FIN/L1-03/L2-03.3，VN-PAY-08回归D2主映射；当前Gate仍FAIL，保留需整改
L3-CFM,现金流规划与资金调度管理,FIN,L1-03,VN-PAY-09,NGM→Apass→宿安→天领体系外对账表,《体系外资金台账》+《BP V2缺失闭环映射》,⚠ 完全缺失·零物理产物,体系外资金流(37.2M HKD),⚠ 无终点·BP V2无fact表覆盖,M0 数理基建; M3 NGP; M8 财务结算,未定义·建议:体系外资金覆盖率、对账完整度,PASS,PASS,FAIL,FAIL,FAIL,FAIL,FAIL,FAIL,True,P0,调研确认：爱云宝对账之前一年一次，现对2025年账，需跟田总确认后支付26年Q1。已纳入L3-CFM管辖。
L3-RCM,风险管理与合规监控,JD,L1-03,VN-RCM-01,渠道信用评估报告,《渠道信用评估报告》（含信用等级/风险提示）,信用评估报告文档 + 信用等级/风险提示记录,牌照合作伙伴/渠道纳入评估范围,信用等级/风险提示出具并送达 RO,M7 产品策略与团队治理,信用评估覆盖率、评估周期、高风险渠道识别率,PASS,PASS,PASS,PARTIAL,PARTIAL,PASS,PASS,PARTIAL,False,P1,2026-06-25 新增：基于牌照 CO/RO/财务补充信息；L4-RCM-01 实际执行已明确；数据验证待系统化
L3-RCM,风险管理与合规监控,JD,L1-03,VN-RCM-02,抽样保单审计报告终稿,《保单审计报告》+《保单财务审计报告》+《抽样保单审计报告终稿》,审计报告文档 + 财务审计报告 + 合并终稿,牌照累计批核 20 账单,CO 将两份报告合并形成终稿并提交 RO,M7 产品策略与团队治理; M8 财务结算,审计抽样率、审计问题闭环率、财务审计及时率,PASS,PASS,PASS,PARTIAL,PARTIAL,PASS,PASS,PARTIAL,False,P1,2026-06-25 新增：基于牌照 CO/RO/财务补充信息；L4-RCM-02 实际执行已明确；数据验证待系统化
L3-RSJD,经代机构销售业务执行流程,JD,L1-04,VN-RSJD-01,保单销售报告,客户需求分析+产品对比+风险披露+知情同意+计划书确认,保单销售报告/销售确认记录（PDF/Excel/系统记录）,客户财务需求与保险需求确认,客户签署风险披露文件与计划书确认,M6 业务渗透; M7 产品策略与团队治理,风险披露完成率、产品适当性符合率、客户知情同意书签署率,PASS,PASS,PASS,PASS,PARTIAL,PARTIAL,PARTIAL,PARTIAL,False,P1,新增机构销售流程价值节点，4属性/3gate待业务复核
L3-RSJD,经代机构销售业务执行流程,JD,L1-04,VN-RSJD-02,保单合同,保单合同+生效通知+签收回执,保单合同（PDF/纸质）+生效通知+客户签收回执,保单核保完成,客户签收保单合同并回执,M7 产品策略与团队治理; M8 财务结算,保单签收率、保单交付时效、Pending处理时效,PASS,PASS,PASS,PASS,PARTIAL,PARTIAL,PARTIAL,PARTIAL,False,P1,新增机构销售流程价值节点
L3-RSJD,经代机构销售业务执行流程,JD,L1-04,VN-RSJD-03,审计报告,销售合规审计报告（含回访记录、异常处理、档案保管抽查）,审计报告（PDF/Word）+附件（回访记录、异常台账）,审计批次与样本确定,整改事项输出与闭环跟踪,M0 数理基建; M7 产品策略与团队治理,回访完成率、异常件整改率、档案保管合规率,PASS,PASS,PASS,PASS,PARTIAL,PARTIAL,PARTIAL,PARTIAL,False,P1,新增机构销售流程价值节点，覆盖销售全L4
L3-MIO,市场洞察与机会识别流程,STG,L1-02,VN-SMPS-01,目标市场深度分析报告,市场规模数据（MA-04）+ 竞争分析报告（MA-03）+ 客户旅程图与痛点地图（MA-05）+ 最终洞察结论（MA-06）,结构化分析报告（PDF/Word）+ 知识库归档版本,市场进入项目背景与研究目标确立,报告正式批准并提交决策层,M1 中台运营; M7 产品策略与团队治理,调研覆盖率、洞察报告审批周期、知识库更新及时率,PASS,PASS,PARTIAL,FAIL,PARTIAL,PARTIAL,PARTIAL,PARTIAL,False,P0,2026-06-25 新增：基于调研_设计细分_20260624；多个SOP待建、岗位缺位，待Mark裁定
L3-VPV,价值主张设计与验证流程,STG,L1-02,VN-SMPS-02,批准的价值主张文档,价值主张声明（VP-02）+ 可行性评审报告（VP-03）+ 概念测试反馈（VP-04）+ 沟通指南（VP-05）,正式文档（Word/PDF）+ 管理层签批记录,市场深度分析报告提交并获批,管理层正式批准价值主张文档,M7 产品策略与团队治理,概念测试通过率、价值主张批准周期、下游流程引用率,PASS,PASS,PARTIAL,FAIL,PARTIAL,PARTIAL,PARTIAL,PARTIAL,False,P0,2026-06-25 新增：基于调研_设计细分_20260624；多个SOP待建、岗位缺位，待Mark裁定
L3-MED,市场进入模式设计流程,STG,L1-02,VN-SMPS-03,业务模型完整方案,渠道策略方案（GTM-01）+ 合作伙伴策略文档（GTM-02）+ 定价策略文档（GTM-03）+ 财务预测模型（GTM-04）+ 业务流程架构图（GTM-05）,综合方案文档（PPT/Word）+ 财务模型Excel + 流程架构图,价值主张文档批准,业务模型完整方案形成并获批,M4 业务与市场渗透; M7 产品策略与团队治理,方案审批周期、定价策略完整率、财务模型准确率,PASS,PASS,PARTIAL,FAIL,PARTIAL,PARTIAL,PARTIAL,PARTIAL,False,P0,2026-06-25 新增：基于调研_设计细分_20260624；多个SOP待建、岗位缺位，待Mark裁定
L3-CAS,竞争与获客策略制定流程,STG,L1-02,VN-SMPS-04,客户获取作战地图,竞争应对预案库（CA-01）+ 客户优先级清单（CA-02）+ 核心信息框架（CA-03）+ 市场启动计划（CA-04）+ 销售流程文档（CA-05）,作战地图（PPT/PDF）+ 竞争预案手册 + 销售流程文档,业务模型方案批准,客户获取作战地图整合完成,M4 业务与市场渗透,作战地图覆盖率、销售漏斗转化率、市场启动计划执行率,PASS,PASS,PARTIAL,FAIL,PARTIAL,PARTIAL,PARTIAL,PARTIAL,False,P0,2026-06-25 新增：基于调研_设计细分_20260624；多个SOP待建、岗位缺位，待Mark裁定
L3-SRE,战略风险评价流程,STG,L1-03,VN-SMPS-05,正式风险登记册,初步风险清单（RM-01）+ 风险评级矩阵（RM-02）+ 风险应对预案集（RM-03）+ 风险责任人分配（RM-04）,结构化风险登记册（Excel/系统）+ 应对预案文档,策略草案形成（各流程输出物收集完成）,风险登记册正式批准，风险责任人确认,M7 产品策略与团队治理,风险识别覆盖率、高风险应对预案完备率、风险登记册更新及时率,PASS,PASS,PARTIAL,FAIL,PARTIAL,PARTIAL,PARTIAL,PARTIAL,False,P1,2026-06-25 新增：基于调研_设计细分_20260624；多个SOP待建、岗位缺位，待Mark裁定
L3-KPI,战略目标与绩效体系建立流程,STG,L1-01,VN-SMPS-06,市场进入KPI体系与目标值文档,顶层目标（KPI-01）+ 平衡计分卡框架（KPI-02）+ KPI定义文档（KPI-03）+ 目标值设定文档（KPI-04）+ 各部门承诺书（KPI-05）,KPI字典文档（Word/Excel）+ 系统配置规范 + 承诺书扫描件,公司战略文档确立，策略设计启动,所有部门完成KPI承诺并系统配置完成,M2 KPI报表; M7 产品策略与团队治理,KPI体系覆盖率、目标值达成率、部门承诺书签署率,PASS,PASS,PARTIAL,FAIL,PARTIAL,PARTIAL,PARTIAL,PARTIAL,False,P0,2026-06-25 新增：基于调研_设计细分_20260624；多个SOP待建、岗位缺位，待Mark裁定
L3-MEI,市场进入策略整合流程,STG,L1-02,VN-SMPS-07,市场进入策略整合文档,策略要素完整包（ST-01）+ 一致性检验结论（ST-02，待建）+ 最终整合文档（ST-03，待建）,综合策略文档（Word/PDF）+ 关键假设清单,所有上游策略组件（MIO/VPV/MED/CAS/SRE/KPI）完成,策略文档经Mark签批，进入执行阶段,M7 产品策略与团队治理,整合文档审批周期、策略一致性缺陷数、执行团队满意度,PASS,PASS,PARTIAL,FAIL,PARTIAL,PARTIAL,PARTIAL,PARTIAL,False,P1,2026-06-25 新增：基于调研_设计细分_20260624；多个SOP待建、岗位缺位，待Mark裁定
L3-SSVA,服务结算与价值核算,EQ,L1-03,VN-SSVA-01,服务对账单,INVOICE+银行权益活动费对账单+应收实收差异表,Excel/PDF,服务结算对账触发,服务对账单[传递至激励结算],M7 产品策略与团队治理; M8 财务结算,对账准确率（待调研确认）,PASS,PASS,PASS,PARTIAL,PARTIAL,PARTIAL,PARTIAL,PARTIAL,True,P0,VN重新编码（原VN-PAY-05拆分+PAY-07吸收）
L3-SSVA,服务结算与价值核算,EQ,L1-03,VN-SSVA-02,激励结算单,《激励结算单》,Excel,对账完成后触发,《激励结算单》[传递至付款],M8 财务结算,结算及时率（待调研确认）,PASS,PASS,PASS,PARTIAL,PARTIAL,PARTIAL,PARTIAL,PARTIAL,True,P0,VN重新编码（原VN-PAY-05拆分，对应L4-SSVA-02激励结算）
L3-URD,联合运营需求诊断,JD,L1-04,VN-URD-01,联合运营需求诊断报告,《重复机构检查报告》+《数字化成熟度报告》+《商机规模预测》+《战略匹配度评分》+《需求诊断报告》,Word/PDF报告包（五报告合订）,L3-IBRD输出《尽职调查执行记录》+《业务目标量化》,《需求诊断报告》[传递至L3-URF框架方案设计],M0 数理基建; M1 中台运营; M4 业务与市场渗透,需求诊断报告完成率、诊断结论落地率,PASS,PASS,PASS,PASS,FAIL,FAIL,FAIL,FAIL,True,P1,按流程蓝图规划判断：规模测算（商机规模预测）作为L4-URD-03独立成文，再被L4-URD-05汇总纳入《需求诊断报告》。现状完全缺失，五份报告均无标准模板。【批次8-MoMo补充】联合运营需合作很长一段时间后才能判断，无前置诊断标准；香港老牌（Mark谈深度合作）vs大陆转过来/单买牌/没团队（谈大合约OK）；很多是烟雾弹，业绩大但无把控力；市场环境影响（不合规的钱导致不愿配合）。
L3-URD,联合运营需求诊断,JD,L1-04,VN-URD-02,合规风险评估报告,《合规尽调报告》+《合规风险评估报告》,Word/PDF报告包,合规尽调需求触发,《合规风险评估报告》[传递至后续审批],M7 产品策略与团队治理,合规评估完成率（待调研确认）,PASS,PASS,PASS,PASS,FAIL,FAIL,FAIL,FAIL,True,P2,源自L3-UCR合并；由L4-URD-06承接全部能力；合并执行日期2026-07-16
L3-USV,运营服务事项设计与内部验证,MGA,L1-03,VN-USV-01,TOI服务产品验证包,TOI权益项原料池 + 产品卡草案 + 案例证据包 + 验收标准,Excel台账 + 产品卡文档 + 证据包文件夹,TOI权益项候选清单输入,内部验收通过的服务产品包归档（产品卡+证据包+验收标准）,M7 产品策略与团队治理,TOI服务产品包验收通过率,PASS,PASS,PARTIAL,PARTIAL,PARTIAL,FAIL,FAIL,FAIL,True,P1,18个TOI-SKU+6张产品卡+CASE证据包已形成；OB-G7正式源待转绿；2026-07-14新增
L3-USV,运营服务事项设计与内部验证,MGA,L1-03,VN-USV-02,TOI合规准入放行包,OWNER确认表 + Gate状态台账 + 审批留痕 + 外发等级标注,审批表单 + Gate台账Excel + 脱敏交付物,已验证的TOI服务产品包输入,OWNER确认放行的TOI交付物（审批留痕+红线确认+外发等级标注）,M7 产品策略与团队治理,TOI外发放行合规率,PASS,PASS,PARTIAL,PARTIAL,PARTIAL,FAIL,FAIL,FAIL,True,P1,11条合规红线+12项Gate+OWNER确认链；OB-G7正式源待转绿；2026-07-14新增
