L1编码,L3编码,L3名称,L4编码,L4名称,核心交付物,介入类型,是否核心介入点,D1_输入结构化,D2_规则清晰,D3_输出可验,D4_API可达,D5_降级可用,D6_合规可编码,总分,推导Tier,资金安全强制关卡,物理执行类,备注
L1-03,L3-COM,佣金全链路管理,L4-COM-01,佣金政策接收与校准,《标准化政策库》,专业审批,是,2,2,2,2,2,2,12,Aug,,,
L1-03,L3-COM,佣金全链路管理,L4-COM-02,差异化拆解与验证,《各细分市场配置》,专业审批,是,2,2,2,2,2,2,12,Aug,,,
L1-03,L3-COM,佣金全链路管理,L4-COM-03,佣金整合与外发,《佣金外发凭证》,复盘优化/异常介入,是,3,3,3,3,2,2,16,Auto,,,
L1-03,L3-COM,佣金全链路管理,L4-COM-04,年度预算与规划,《年度预算与规划》,战略决策,是,2,1,1,1,1,1,7,Hybrid,,,
L1-03,L3-COM,佣金全链路管理,L4-COM-05,追溯调整与退保倒扣,《追溯调整与退保倒扣记录》,异常介入,是,3,3,3,3,2,2,16,Auto,,,
L1-03,L3-COM,佣金全链路管理,L4-COM-06,佣金税务处理,《佣金税务处理记录》,合规签字(待复核:异常vs常规),是,3,3,3,3,2,2,16,Auto,,,旧版标Auto但语义偏常规签字，建议复核是否应降为Aug
L1-03,L3-COM,佣金全链路管理,L4-COM-07,佣金争议处理,《佣金争议处理记录》,跨部门协调/专业审批,是,2,0,1,1,1,1,6,Hybrid,,,D2否决权已体现
L1-03,L3-COM,佣金全链路管理,L4-COM-08,跨保司佣金整合,《跨保司佣金整合记录》,专业审批,是,2,2,2,2,2,2,12,Aug,,,
L1-03,L3-COM,佣金全链路管理,L4-COM-09,佣金异常检测反欺诈,《佣金异常检测反欺诈记录》,异常介入,是,3,3,3,3,2,2,16,Auto,,,
L1-03,L3-COM,佣金全链路管理,L4-COM-10,保单信息整合与应收核算（待注册）,《应收明细清单》,无明显判断成分,否,2,3,2,2,1,1,11,Aug,,,
L1-03,L3-COM,佣金全链路管理,L4-COM-11,银行到账确认与实收对账（待注册）,《实收清单》 + 《差异对照表》,异常介入,是,2,2,2,2,1,1,10,Aug,,,
L1-03,L3-COM,佣金全链路管理,L4-COM-12,应派金额拆分与渠道对账（待注册）,《应派清单》 + 《理财师对账单》,无明显判断成分,否,2,3,2,2,1,1,11,Aug,,,
L1-03,L3-COM,佣金全链路管理,L4-COM-13,实派清单确认与财务制单（待注册）,《实派执行表》,专业审批,是,2,2,2,1,1,2,10,Aug,是,,资金安全强制人工关卡
L1-03,L3-COM,佣金全链路管理,L4-COM-14,财务付款执行（待注册）,银行转账回执 / 支票存根,专业审批/资金安全,是,2,2,3,2,1,2,12,Aug,是,,资金安全强制人工关卡
L1-03,L3-COM,佣金全链路管理,L4-COM-15,付款回执归档与台账更新（待注册）,《转介费派发确认台账》,无明显判断成分,否,2,2,2,1,1,1,9,Hybrid,,,
L1-03,L3-COM,佣金全链路管理,L4-COM-16,佣金数据导入与格式转换（待注册）,结构化佣金数据表（供COM-01使用）,无明显判断成分,否,2,2,2,2,1,1,10,Aug,,,
L1-03,L3-COM,佣金全链路管理,L4-COM-17,IA合规拦截引擎,Excel + 回执PDF（批量）+ IA规则校验日志,合规签字,是,3,2,2,2,2,3,14,Aug,,,
L1-03,L3-COM,佣金全链路管理,L4-COM-18,收款映射版本管理,《收款映射版本管理记录》,专业审批,是,2,1,2,1,1,1,8,Hybrid,,,
L1-03,L3-BAM,银行账户基础设施管理,L4-BAM-01,开户需求确认与资料准备,《银行准入评估表》（4维度）。当前无标准，Roy提出按业务支持/关系/手续费/操作便利性评估,组合拍板,是,1,0,1,1,1,1,5,Hybrid,,,D2否决权，当前无标准
L1-03,L3-BAM,银行账户基础设施管理,L4-BAM-02,银行柜台办理（外勤）,《银行开户确认函》/《变更回执》,物理执行,是,0,1,2,0,0,1,4,Human,,是,
L1-03,L3-BAM,银行账户基础设施管理,L4-BAM-03,U盾/Token配置与登记,《支票领用登记台账》。当前支票双签形同虚设（老板签完一本给财务）,专业审批,是,2,2,2,1,2,2,11,Aug,,,⚠️治理发现:现有支票双签形同虚设
L1-03,L3-BAM,银行账户基础设施管理,L4-BAM-04,银行对账单接收与分发,《月度对账单接收清单》,无明显判断成分,否,3,2,2,2,1,1,11,Aug,,,
L1-03,L3-BAM,银行账户基础设施管理,L4-BAM-05,对账单异常与缺失跟进,《对账单缺失跟进记录》,异常介入,是,2,2,2,1,1,1,9,Hybrid,,,
L1-03,L3-BAM,银行账户基础设施管理,L4-BAM-06,账户信息变更,《变更确认回执》+内部更新记录,专业审批,是,2,1,2,1,1,2,9,Hybrid,,,
L1-03,L3-BAM,银行账户基础设施管理,L4-BAM-07,账户日常监控与盘点,《账户状态盘点表》,异常介入,否/是(异常时),2,2,2,2,1,1,10,Aug,,,
L1-03,L3-BAM,银行账户基础设施管理,L4-BAM-08,U盾变更与交接,《U盾变更/交接记录》,物理执行+专业审批,是,1,1,2,0,1,2,7,Hybrid,,是,
L1-03,L3-BAM,银行账户基础设施管理,L4-BAM-09,银行费用与账户年检,《银行费用汇总表》+《年检完成记录》,合规签字,是,2,1,2,1,1,2,9,Hybrid,,,
L1-03,L3-BAM,银行账户基础设施管理,L4-BAM-10,账户注销与资金归集,《注销确认函》+资金转出凭证,专业审批/资金安全,是,1,1,2,1,1,2,8,Hybrid,是,,资金安全强制人工关卡
L1-03,L3-BAM,银行账户基础设施管理,L4-BAM-11,账户档案归档,《账户全生命周期档案袋》,无明显判断成分,否,2,2,2,1,1,1,9,Hybrid,,,
L1-03,L3-CFM,现金流规划与资金调度管理,L4-CFM-01,业务收款预测收集,《各业务线收款预测表》,跨部门协调,是,1,1,2,1,2,2,9,Hybrid,,,
L1-03,L3-CFM,现金流规划与资金调度管理,L4-CFM-02,付款计划汇总,《资金付款审批单》（含原始凭证+计算逻辑）。当前无业务审批，资金付款完全听业务的,专业审批,是,2,0,1,1,1,1,6,Hybrid,,,治理发现:当前无业务审批
L1-03,L3-CFM,现金流规划与资金调度管理,L4-CFM-03,现金缺口识别与应对,《缺口预警》+《资金调度方案》,异常介入,是,2,2,2,2,1,1,10,Aug,,,
L1-03,L3-CFM,现金流规划与资金调度管理,L4-CFM-04,跨主体资金调拨方案制定,《跨主体资金调拨审批单》,专业审批/资金安全,是,1,1,2,1,1,2,8,Hybrid,是,,资金安全强制人工关卡
L1-03,L3-CFM,现金流规划与资金调度管理,L4-CFM-05,资金池归集与监控,《资金池余额监控表》,异常介入,否/是(异常时),2,2,2,2,1,1,10,Aug,,,
L1-03,L3-CFM,现金流规划与资金调度管理,L4-CFM-06,体系外资金对账,《体系外资金对账表》,无明显判断成分,否,2,2,2,1,1,1,9,Hybrid,,,
L1-03,L3-CFM,现金流规划与资金调度管理,L4-CFM-07,银行结余台账维护,《银行结余台账》,无明显判断成分,否,3,2,2,2,1,1,11,Aug,,,
L1-03,L3-CFM,现金流规划与资金调度管理,L4-CFM-08,现金流报告编制与报送,《周度结余报表》+《月度现金流预测报告》,无明显判断成分,否,2,2,2,2,1,1,10,Aug,,,
L1-03,L3-CPM,流程持续监控与优化闭环管理,L4-CPM-01,监控指标与看板设计,《监控指标体系》,专业审批,是,2,2,2,2,2,2,12,Aug,,,
L1-03,L3-CPM,流程持续监控与优化闭环管理,L4-CPM-02,数据采集与实时监控,实时数据流,异常介入,是,3,3,3,3,2,2,16,Auto,,,
L1-03,L3-CPM,流程持续监控与优化闭环管理,L4-CPM-03,定期深度分析,《月度健康度报告》,专业审批,是,2,2,2,2,2,2,12,Aug,,,
L1-03,L3-CPM,流程持续监控与优化闭环管理,L4-CPM-04,优化建议评审,《优化决议》,组合拍板,是,2,1,1,1,1,1,7,Hybrid,,,
L1-03,L3-CPM,流程持续监控与优化闭环管理,L4-CPM-05,优化执行与闭环,《优化执行报告》,专业审批,是,2,2,2,2,2,2,12,Aug,,,
L1-03,L3-EFB,任务管控与执行反馈,L4-EFB-01,周度任务规划下达,《周度任务清单》,专业审批,是,2,2,2,2,2,2,12,Aug,,,
L1-03,L3-EFB,任务管控与执行反馈,L4-EFB-02,任务执行与进度同步,任务进度数据,异常介入,是,3,3,3,3,2,2,16,Auto,,,
L1-03,L3-EFB,任务管控与执行反馈,L4-EFB-03,执行反馈收集,《执行反馈汇总》,无明显判断成分,否,3,3,3,3,2,2,16,Auto,,,
L1-03,L3-EFB,任务管控与执行反馈,L4-EFB-04,问题识别与响应,《问题响应清单》,专业审批,是,2,2,2,2,2,2,12,Aug,,,
L1-03,L3-EFB,任务管控与执行反馈,L4-EFB-05,周度闭环,周度闭环报告,无明显判断成分,否,3,3,3,3,2,2,16,Auto,,,
L1-03,L3-EFB,任务管控与执行反馈,L4-EFB-06,任务优先级动态调整,《优先级调整记录》,组合拍板,是,2,2,2,2,2,2,12,Aug,,,
L1-03,L3-EFB,任务管控与执行反馈,L4-EFB-07,跨机构任务依赖管理,《依赖图谱》,跨部门协调,是,3,3,3,3,2,2,16,Auto,,,
L1-03,L3-EFB,任务管控与执行反馈,L4-EFB-08,任务激励机制,《激励发放记录》,专业审批,是,2,2,2,2,2,2,12,Aug,是,,
L1-03,L3-EFB,任务管控与执行反馈,L4-EFB-09,任务冲突裁定,《冲突裁定记录》,战略决策,是,1,0,0,0,0,2,3,Human,,,
L1-03,L3-EFB,任务管控与执行反馈,L4-EFB-10,机构自主任务纳管,《自主任务清单》,组合拍板,是,2,0,1,1,1,0,5,Hybrid,,,D2否决权
L1-03,L3-EFB,任务管控与执行反馈,L4-EFB-11,紧急任务绕过,《紧急任务处置》,危机应对,是,1,0,0,0,0,2,3,Human,,,
L1-03,L3-EFB,任务管控与执行反馈,L4-EFB-12,任务执行AI自动化,《AI自动化任务清单》,专业审批,是,3,3,3,3,2,2,16,Auto,,,
L1-03,L3-FBA,理财师业务分析,L4-FBA-01,月度/季度业绩数据汇总,Excel/文档。按月分析业绩、活动率、转化率；按季度分析分公司经营情况,无明显判断成分,否,2,2,2,2,2,2,12,Aug,,,
L1-03,L3-FBA,理财师业务分析,L4-FBA-02,月度业绩与活动率分析,Excel/文档。按月分析业绩、活动率、转化率；按季度分析分公司经营情况,专业审批,是,2,1,2,2,1,1,9,Hybrid,,,
L1-03,L3-FBA,理财师业务分析,L4-FBA-03,季度分公司经营分析,Excel/文档。按月分析业绩、活动率、转化率；按季度分析分公司经营情况,专业审批,是,2,1,2,1,1,1,8,Hybrid,,,
L1-03,L3-FBA,理财师业务分析,L4-FBA-04,分析报告定稿与总部上报,Excel/文档。按月分析业绩、活动率、转化率；按季度分析分公司经营情况,无明显判断成分,否,3,3,3,3,2,2,16,Auto,,,
L1-03,L3-FLM,理财师线索挖掘与招募,L4-FLM-01,年度/季度招募目标制定,《招募计划表》,战略决策,是,2,2,2,2,2,2,12,Aug,,,建议复核:策略拍板语义偏Hybrid
L1-03,L3-FLM,理财师线索挖掘与招募,L4-FLM-02,招募计划制定,Excel/纸质文档。分公司有组织发展经理记录，但总部未统一收集,关系谈判,是,2,1,1,1,1,1,7,Hybrid,,,
L1-03,L3-FLM,理财师线索挖掘与招募,L4-FLM-03,候选人接触与初步评估,《初步接触记录》,关系谈判,是,2,1,1,2,0,1,7,Hybrid,,,
L1-03,L3-FLM,理财师线索挖掘与招募,L4-FLM-04,面试与录用决策,《面试评估记录》,专业审批,是,2,2,2,2,2,2,12,Aug,,,建议复核:录用决策通常需人主导
L1-03,L3-FOB,理财师入职与上岗,L4-FOB-01,入职资料审核与协议准备,《待签协议包》,专业审批,是,3,3,3,3,2,2,16,Auto,,,
L1-03,L3-FOB,理财师入职与上岗,L4-FOB-02,协议签署与寄总部归档,PDF/纸质签署版。转介协议+权益/培训/顾问协议寄总部归档,合规签字,是,2,2,2,2,2,2,12,Aug,,,
L1-03,L3-FOB,理财师入职与上岗,L4-FOB-03,系统账号开通与工具配置,PDF/纸质签署版。转介协议+权益/培训/顾问协议寄总部归档,合规签字,是,2,2,2,2,2,2,12,Aug,,,
L1-03,L3-FOB,理财师入职与上岗,L4-FOB-04,新人90天培养计划启动,PPT/Excel/文档。成都重庆已有成熟模型，新分公司正在整合中,无明显判断成分,否,3,3,3,3,2,2,16,Auto,,,
L1-03,L3-FOR,理财师运营支持,L4-FOR-01,首单陪跑配对与计划制定,《陪跑计划》,专业审批,是,2,2,2,2,2,2,12,Aug,,,
L1-03,L3-FOR,理财师运营支持,L4-FOR-02,首单陪跑执行与记录,《首单陪跑记录》[P1],物理执行,是,2,1,1,1,1,1,7,Hybrid,,是,
L1-03,L3-FOR,理财师运营支持,L4-FOR-03,首单陪跑,Excel/文档。多角色跟进，但记录可能未标准化,物理执行,是,1,0,0,0,0,1,2,Human,,是,
L1-03,L3-FOR,理财师运营支持,L4-FOR-04,BIU运营（恒常出单推动）,PPT/文档。每月制定，推动恒常出单,关系谈判,是,2,1,1,1,1,1,7,Hybrid,,,
L1-03,L3-FPG,理财师绩效与激励,L4-FPG-01,月度/季度考核指标设定,Excel。正在制定中，尚未定稿,无明显判断成分,否,3,3,3,3,2,2,16,Auto,,,"建议复核:备注称尚未定稿,与Auto矛盾"
L1-03,L3-FPG,理财师绩效与激励,L4-FPG-02,月度绩效数据收集与评估,《月度绩效评估表》,专业审批,是,0,0,0,0,0,1,1,Human,,,
L1-03,L3-FPG,理财师绩效与激励,L4-FPG-03,季度激励核算,《季度激励核算表》,无明显判断成分,否,3,3,3,3,2,2,16,Auto,是,,
L1-03,L3-FPG,理财师绩效与激励,L4-FPG-04,权益兑现与激励方案,Excel/文档。季度方案（非强制协议），按进人/产能给予支持,关系谈判,是,2,1,1,1,1,1,7,Hybrid,,,
L1-03,L3-FTR,理财师培训与转介签约,L4-FTR-01,培训需求评估与课程安排,PPT/视频/表格。总部资料库，含配套督导工具和表格,无明显判断成分,否,2,2,2,2,2,2,12,Aug,,,
L1-03,L3-FTR,理财师培训与转介签约,L4-FTR-02,产品与合规培训执行,PPT/视频/表格。总部资料库，含配套督导工具和表格,合规签字,是,3,3,3,3,2,2,16,Auto,,,
L1-03,L3-FTR,理财师培训与转介签约,L4-FTR-03,实战演练与陪访配对,PPT/视频/表格。总部资料库，含配套督导工具和表格,物理执行,是,2,1,2,1,1,1,8,Hybrid,,是,
L1-03,L3-FTR,理财师培训与转介签约,L4-FTR-04,资料库维护与分发,PPT/视频/表格。总部资料库，含配套督导工具和表格,无明显判断成分,否,3,3,3,3,2,2,16,Auto,,,旧版人介入点与名称不匹配疑似错位
L1-03,L3-IBRD,合作伙伴需求分析与诊断,L4-IBRD-01,合作资格预审与流程启动,《合作资格预审与流程启动计划》,专业审批,是,2,1,2,1,1,1,8,Hybrid,,,模板化数据
L1-03,L3-IBRD,合作伙伴需求分析与诊断,L4-IBRD-02,项目沟通机制建立,《项目沟通机制建立》,跨部门协调,是,2,2,2,2,1,2,11,Aug,,,模板化数据
L1-03,L3-IBRD,合作伙伴需求分析与诊断,L4-IBRD-03,尽职调查执行,牌照核查结果+保司Alice确认+团队配置+业务模式+过往经验。P0: 批次8确认存在SLHK登记表未纳入流程库；合同后置根因为内商务岗位缺失；IT系统bug；V1.4新增：《同行渠道DD查册SOP》+《AML风险评估标准模板》（高/中/低三档）+《渠道合作路径推荐手册》+《渠道DD年度更新流程》,专业审批,是,1,1,2,1,1,2,8,Hybrid,,,"备注揭示流程有缺口,不套模板分"
L1-03,L3-IBRD,合作伙伴需求分析与诊断,L4-IBRD-04,牌照核查与保司确认,《牌照核查与保司确认记录》,合规签字,是,2,1,2,1,1,2,9,Hybrid,,,同上
L1-03,L3-IBRD,合作伙伴需求分析与诊断,L4-IBRD-05,DD Form执行与股东穿透查册,牌照核查结果+保司Alice确认+团队配置+业务模式+过往经验。P0: 批次8确认存在SLHK登记表未纳入流程库；合同后置根因为内商务岗位缺失；IT系统bug；V1.4新增：《同行渠道DD查册SOP》+《AML风险评估标准模板》（高/中/低三档）+《渠道合作路径推荐手册》+《渠道DD年度更新流程》,合规签字,是,1,1,2,1,1,2,8,Hybrid,,,
L1-03,L3-IBRD,合作伙伴需求分析与诊断,L4-IBRD-06,AML风险评估与三档评级,牌照核查结果+保司Alice确认+团队配置+业务模式+过往经验。P0: 批次8确认存在SLHK登记表未纳入流程库；合同后置根因为内商务岗位缺失；IT系统bug；V1.4新增：《同行渠道DD查册SOP》+《AML风险评估标准模板》（高/中/低三档）+《渠道合作路径推荐手册》+《渠道DD年度更新流程》,合规签字,是,2,2,2,1,1,1,9,Hybrid,,,
L1-03,L3-IBRD,合作伙伴需求分析与诊断,L4-IBRD-07,双路径渠道准入判断,牌照核查结果+保司Alice确认+团队配置+业务模式+过往经验。P0: 批次8确认存在SLHK登记表未纳入流程库；合同后置根因为内商务岗位缺失；IT系统bug；V1.4新增：《同行渠道DD查册SOP》+《AML风险评估标准模板》（高/中/低三档）+《渠道合作路径推荐手册》+《渠道DD年度更新流程》,专业审批,是,1,1,2,1,1,2,8,Hybrid,,,
L1-03,L3-IBRD,合作伙伴需求分析与诊断,L4-IBRD-08,DD Form年度更新触发,牌照核查结果+保司Alice确认+团队配置+业务模式+过往经验。P0: 批次8确认存在SLHK登记表未纳入流程库；合同后置根因为内商务岗位缺失；IT系统bug；V1.4新增：《同行渠道DD查册SOP》+《AML风险评估标准模板》（高/中/低三档）+《渠道合作路径推荐手册》+《渠道DD年度更新流程》,异常介入,是,2,2,2,2,1,1,10,Aug,,,
L1-03,L3-KAET,KA评估定级,L4-KAET-01,KA背景信息收集,《KA背景信息表》,无明显判断成分,否,2,2,2,2,1,1,10,Aug,,,
L1-03,L3-KAET,KA评估定级,L4-KAET-02,KA资质合规核查,《资质核查记录》,合规签字,是,2,2,2,2,1,2,11,Aug,,,
L1-03,L3-KAET,KA评估定级,L4-KAET-03,KA潜力综合判断,《KA潜力判断记录》,专业审批/组合拍板,是,2,1,2,1,1,1,8,Hybrid,,,
L1-03,L3-KAET,KA评估定级,L4-KAET-04,KA评估与分级,Excel模板（待建设）。当前无定级体系，由MoMo根据合规要求和经验判断。流程蓝图V1.1确认无评估标准模板,专业审批,是,1,0,1,1,1,1,5,Hybrid,,,"D2否决权,规则不存在"
L1-03,L3-KASC,KA转介合同起草与签订,L4-KASC-01,首次培训与资料包发放,PDF签署版法律文件。P1: 批次8确认合同后置根因为内商务岗位缺失；BD画像表需中台主动补全,专业审批,是,2,1,2,1,1,1,8,Hybrid,,,治理发现:内商务岗位缺失
L1-03,L3-KASC,KA转介合同起草与签订,L4-KASC-02,首单意向跟进与约单,PDF签署版法律文件。P1: 批次8确认合同后置根因为内商务岗位缺失；BD画像表需中台主动补全,关系谈判,是,2,1,2,1,1,1,8,Hybrid,,,
L1-03,L3-KASC,KA转介合同起草与签订,L4-KASC-03,合同模板发送与说明,《合同发送记录》,无明显判断成分,否,3,2,2,2,1,1,11,Aug,,,
L1-03,L3-KASC,KA转介合同起草与签订,L4-KASC-04,合同签回跟进与归档,《已签合同》,合规签字,是,2,2,2,1,1,2,10,Aug,,,
L1-03,L3-NG,商务谈判与合同制定流程,L4-NG-01,合同谈判与审核,《合同终稿》,关系谈判,是,2,1,2,1,1,1,8,Hybrid,,,
L1-03,L3-NG,商务谈判与合同制定流程,L4-NG-02,合同签署与信息同步,合同/协议文件,合规签字,是,2,1,2,1,1,1,8,Hybrid,,,
L1-03,L3-SDS,服务相关商务合同起草与签订,L4-SDS-01,起草合同要点确认,《起草合同要点确认》,专业审批,是,2,1,2,1,1,1,8,Hybrid,,,
L1-03,L3-SDS,服务相关商务合同起草与签订,L4-SDS-02,签署核对与完成,已签服务协议/RW协议登记表,无明显判断成分,否,2,1,2,1,1,1,8,Hybrid,,,旧版人介入点与名称不匹配疑似错位
L1-03,L3-SDS,服务相关商务合同起草与签订,L4-SDS-03,多方商务谈判,《多方商务谈判纪要》,关系谈判,是,2,1,2,1,1,1,8,Hybrid,,,
L1-03,L3-UCR,合规风险评估,L4-UCR-01,合同条款深度映射,《合规风险评估》,合规签字/专业审批,是,2,2,2,1,1,2,10,Aug,,,
L1-03,L3-UCR,合规风险评估,L4-UCR-02,设计约束条件生成,《设计约束条件生成文档》,合规签字/专业审批,是,2,2,2,1,1,2,10,Aug,,,
L1-03,L3-UCR,合规风险评估,L4-UCR-03,机构风险偏好综合评估,《风险偏好评估》,合规签字/专业审批,是,2,2,2,1,1,2,10,Aug,,,"建议单独核实,可能应为Hybrid"
L1-03,L3-USV,运营服务事项设计与内部验证,L4-USV-01,最小可行方案（MVP）原型构建,《服务事项设计书》,创意判断,是,2,1,2,1,1,1,8,Hybrid,,,旧版人介入点与名称不匹配疑似错位
L1-03,L3-USV,运营服务事项设计与内部验证,L4-USV-02,联合评审与迭代优化,《组织与岗位方案》,跨部门协调,是,2,1,2,1,1,1,8,Hybrid,,,
L1-03,L3-USV,运营服务事项设计与内部验证,L4-USV-03,最终交付物制作与标准核定,《最终交付物制作与标准核定》,创意判断,是,1,0,1,0,0,1,3,Human,,,
L1-03,L3-USV,运营服务事项设计与内部验证,L4-USV-04,交付物内部验收与知识转移准备,《交付物内部验收与知识转移准备》,专业审批,是,2,1,2,1,1,1,8,Hybrid,,,旧版人介入点与名称不匹配疑似错位
L1-01,L3-SFC,策略可行性评估与沟通流程,L4-SFC-01,可行性评估准备,《可行性报告》,专业审批,是,2,1,2,1,1,1,8,Hybrid,,,"旧版误标Aug,阈值修正"
L1-01,L3-SFC,策略可行性评估与沟通流程,L4-SFC-02,策略评估与优化,《策略评估与优化报告》,战略决策,是,2,1,2,1,1,1,8,Hybrid,,,"旧版误标Aug,阈值修正"
L1-01,L3-SFC,策略可行性评估与沟通流程,L4-SFC-03,策略沟通落地,《传达完成度报告》,跨部门协调,是,2,1,1,1,1,1,7,Hybrid,,,旧版人介入点与名称不匹配
L1-01,L3-SPE,人员绩效管理流程,L4-SPE-01,目标体系设计,业务目标分解方案,战略决策/组合拍板,是,2,1,2,1,1,1,8,Hybrid,,,"旧版误标Aug,阈值修正"
L1-01,L3-SPE,人员绩效管理流程,L4-SPE-02,指标系统建立,岗位KPI指标方案,专业审批,是,0,0,1,0,0,1,2,Human,,,"旧版人介入点与名称疑似不符,待核实"
L1-01,L3-SPE,人员绩效管理流程,L4-SPE-03,绩效管理机制,绩效方案（按岗位/板块下发）,合规签字/专业审批,是,2,2,2,2,1,2,11,Aug,,,"旧版误标Auto,阈值修正"
L1-02,L3-IAC-AUTH,授权确认（拆分后）,L4-IAC-04,合同签署与监管备案,已签署合同+监管备案号,合规签字,是,1,0,0,0,0,2,3,Human,,,
L1-02,L3-IAC-AUTH,授权确认（拆分后）,L4-IAC-05,合同启动与进入IRI,进入指令,无明显判断成分,否,3,3,3,3,2,2,16,Auto,,,
L1-02,L3-IAC-AUTH,授权确认（拆分后）,L4-IAC-09,合同履约前置准备,《履约前置清单》,专业审批,是,2,2,2,2,2,2,12,Aug,,,
L1-02,L3-IAC-AUTH,授权确认（拆分后）,L4-IAC-10,合同生效后信息同步,《生效通知记录》,无明显判断成分,否,3,3,3,3,2,2,16,Auto,,,
L1-02,L3-IAC-AUTH,授权确认（拆分后）,L4-IAC-11,合同条款版本管理,《版本变更记录》,无明显判断成分,否,3,3,3,3,2,2,16,Auto,,,
L1-02,L3-IAC-AUTH,授权确认（拆分后）,L4-IAC-13,紧急授权调整,《紧急调整记录》,危机应对,是,1,0,0,0,0,1,2,Human,,,
L1-02,L3-IAC-NEG,合同谈判（拆分后）,L4-IAC-01,商务条款初步谈判,《商务条款备忘录》,关系谈判,是,0,0,0,0,0,1,1,Human,,,
L1-02,L3-IAC-NEG,合同谈判（拆分后）,L4-IAC-02,合同草拟与内部审查,《合同草案V1》,合规签字,是,2,2,2,2,2,2,12,Aug,,,
L1-02,L3-IAC-NEG,合同谈判（拆分后）,L4-IAC-03,保司反馈与谈判迭代,《合同终稿》,关系谈判,是,2,1,1,0,0,1,5,Hybrid,,,
L1-02,L3-IAC-NEG,合同谈判（拆分后）,L4-IAC-06,授权分级获取策略,《授权获取路线图》,战略决策,是,2,0,1,1,2,1,7,Hybrid,,,
L1-02,L3-IAC-NEG,合同谈判（拆分后）,L4-IAC-07,合同谈判让步边界,《让步边界清单》⚠️待建设,战略决策,是,0,0,0,0,0,1,1,Human,,,交付物标注待建设
L1-02,L3-IAC-NEG,合同谈判（拆分后）,L4-IAC-08,多部门会签并行,《会签记录》,跨部门协调,是,2,2,2,2,2,2,12,Aug,,,
L1-02,L3-IAC-NEG,合同谈判（拆分后）,L4-IAC-12,跨境合同特殊处理,《跨境合规附加条款》,合规签字,是,2,0,1,1,1,1,6,Hybrid,,,
L1-02,L3-IAO,保司合作接洽与评估,L4-IAO-01,目标保司识别优先级,《目标保司清单》,战略决策,是,2,2,2,2,2,2,12,Aug,,,
L1-02,L3-IAO,保司合作接洽与评估,L4-IAO-02,首次接触与价值主张,接触反馈,关系谈判,是,2,0,0,2,0,1,5,Hybrid,,,
L1-02,L3-IAO,保司合作接洽与评估,L4-IAO-03,定制化能力展示,《能力展示材料》,关系谈判,是,2,1,1,1,1,1,7,Hybrid,,,
L1-02,L3-IAO,保司合作接洽与评估,L4-IAO-04,保司尽调与现场考察,《尽调回复材料》,关系谈判,是,2,1,1,0,1,1,6,Hybrid,,,
L1-02,L3-IAO,保司合作接洽与评估,L4-IAO-05,意向确认与可行性报告,《可行性报告》,战略决策,是,2,0,0,0,0,1,3,Human,,,
L1-02,L3-IAO,保司合作接洽与评估,L4-IAO-06,保司决策链图谱,《决策链图谱》,专业审批,是,2,2,2,2,2,2,12,Aug,,,
L1-02,L3-IAO,保司合作接洽与评估,L4-IAO-07,竞品MGA排挤应对,《应对策略记录》,危机应对,是,2,1,2,1,1,1,8,Hybrid,,,
L1-02,L3-IAO,保司合作接洽与评估,L4-IAO-08,长周期关系维护,《关系维护记录》,关系谈判,是,2,0,1,2,0,1,6,Hybrid,,,
L1-02,L3-IAO,保司合作接洽与评估,L4-IAO-09,战略级保司差异化,《战略级服务方案》,战略决策,是,1,0,0,0,0,1,2,Human,,,
L1-02,L3-IAO,保司合作接洽与评估,L4-IAO-10,保司内部盟友培养,《盟友地图》,关系谈判,是,0,0,0,0,0,1,1,Human,,,
L1-02,L3-IAO,保司合作接洽与评估,L4-IAO-12,保司Pipeline动态管理,《Pipeline看板》,无明显判断成分,否,3,3,3,3,2,2,16,Auto,,,
L1-02,L3-IAO,保司合作接洽与评估,L4-IAO-13,失败保司二次机会,《二次跟进记录》,关系谈判,是,2,2,2,2,2,2,12,Aug,,,
L1-02,L3-IBE,保司业务运营赋能,L4-IBE-01,赋能业绩归属规则,《归属规则》（A/B共享KPI）,战略决策,是,2,0,0,0,0,2,4,Human,,,
L1-02,L3-IBE,保司业务运营赋能,L4-IBE-02,赋能前能力基线诊断,《能力基线报告》⚠️待建设,专业审批,是,2,2,2,2,2,2,12,Aug,,,交付物标注待建设
L1-02,L3-IBE,保司业务运营赋能,L4-IBE-03,赋能成本分摊,《成本分摊方案》,专业审批,是,2,2,2,2,2,2,12,Aug,是,,
L1-02,L3-IBE,保司业务运营赋能,L4-IBE-04,赋能退出机制,《退出流程》,关系谈判,是,2,1,1,0,1,1,6,Hybrid,,,
L1-02,L3-IBE,保司业务运营赋能,L4-IBE-05,方法论IP保护,《IP保护清单》,合规签字,是,2,1,1,1,1,1,7,Hybrid,,,
L1-02,L3-IBE,保司业务运营赋能,L4-IBE-06,营销方案制定,《营销方案书》,创意判断,是,2,0,1,1,2,1,7,Hybrid,,,
L1-02,L3-IBE,保司业务运营赋能,L4-IBE-07,营销活动执行,《活动执行报告》,物理执行,是,2,2,2,2,2,2,12,Aug,,是,
L1-02,L3-IBE,保司业务运营赋能,L4-IBE-08,营销ROI分析,《ROI报告》,无明显判断成分,否,3,3,3,3,2,2,16,Auto,,,
L1-02,L3-IBE,保司业务运营赋能,L4-IBE-09,赋能团队保护,《竞业约定》,合规签字,是,2,1,1,2,1,1,8,Hybrid,,,
L1-02,L3-IBE,保司业务运营赋能,L4-IBE-10,跨保司经验复用,《经验库》,无明显判断成分,否,3,3,3,3,2,2,16,Auto,,,
L1-02,L3-IBE,保司业务运营赋能,L4-IBE-11,场外支持人员招募认证,《场外人员清单》,合规签字,是,2,0,0,0,0,1,3,Human,,,
L1-02,L3-IBE,保司业务运营赋能,L4-IBE-12,销售协同执行,《销售签单记录》,关系谈判,是,2,0,1,2,0,1,6,Hybrid,,,
L1-02,L3-IBE,保司业务运营赋能,L4-IBE-13,销售分佣激励结算,《分佣结算单》,无明显判断成分,否,3,3,3,3,2,2,16,Auto,是,,资金安全强制人工关卡
L1-02,L3-IBE,保司业务运营赋能,L4-IBE-14,赋能深度分级,《深度分级标准》⚠️待建设,战略决策,是,2,0,0,0,0,2,4,Human,,,交付物标注待建设
L1-02,L3-IBE,保司业务运营赋能,L4-IBE-15,培训课程设计与交付,《培训完成报告》,物理执行,是,2,2,2,2,2,2,12,Aug,,是,
L1-02,L3-IBE,保司业务运营赋能,L4-IBE-16,培训认证与能力输出,《认证名单》,无明显判断成分,否,3,3,3,3,2,2,16,Auto,,,
L1-02,L3-IBEC,合作伙伴接触与初步沟通流程,L4-IBEC-01,合作意向初步接触,《合作意向初步接触》,关系谈判,是,0,0,1,0,0,1,2,Human,,,
L1-02,L3-IBEC,合作伙伴接触与初步沟通流程,L4-IBEC-02,深度需求诊断,《深度需求诊断报告》,专业审批,是,2,1,2,1,1,1,8,Hybrid,,,模板化+阈值修正
L1-02,L3-IBEC,合作伙伴接触与初步沟通流程,L4-IBEC-03,线索管理与信息转介,《转介信息包》,无明显判断成分,否,2,1,2,1,1,1,8,Hybrid,,,模板化+阈值修正
L1-02,L3-IMF,保司市场反馈与数据回流,L4-IMF-01,数据采集与质量校验,《各保司数据集》,异常介入,是,3,3,3,3,2,2,16,Auto,,,
L1-02,L3-IMF,保司市场反馈与数据回流,L4-IMF-02,分析模型运行与洞察,《分析结果》,专业审批,是,3,3,3,3,2,2,16,Auto,,,
L1-02,L3-IMF,保司市场反馈与数据回流,L4-IMF-03,报告生成与合规审查,《保司报告》,合规签字,是,2,2,2,2,2,2,12,Aug,,,
L1-02,L3-IMF,保司市场反馈与数据回流,L4-IMF-04,报告交付与沟通会议,《保司反馈记录》,关系谈判,是,2,0,1,1,0,1,5,Hybrid,,,
L1-02,L3-IMF,保司市场反馈与数据回流,L4-IMF-05,策略调整闭环,《调整建议书》,组合拍板,是,2,1,2,1,1,1,8,Hybrid,,,
L1-02,L3-IMF,保司市场反馈与数据回流,L4-IMF-06,实时数据接入看板,《实时看板》,无明显判断成分,否,3,3,3,3,2,2,16,Auto,,,
L1-02,L3-IMF,保司市场反馈与数据回流,L4-IMF-07,定制化报告,《定制报告配置》,无明显判断成分,否,2,2,2,2,2,2,12,Aug,,,
L1-02,L3-IMF,保司市场反馈与数据回流,L4-IMF-08,竞品对标脱敏处理,《对标报告》,合规签字,是,2,2,2,2,2,2,12,Aug,,,
L1-02,L3-IMF,保司市场反馈与数据回流,L4-IMF-09,预测分析,《预测报告》,无明显判断成分,否,3,3,3,3,2,2,16,Auto,,,
L1-02,L3-IMF,保司市场反馈与数据回流,L4-IMF-10,异常事件紧急通报,《紧急通报》,危机应对,是,3,3,3,3,2,2,16,Auto,,,
L1-02,L3-IMF,保司市场反馈与数据回流,L4-IMF-11,数据安全与监管合规,《合规记录》,合规签字,是,3,3,3,3,2,2,16,Auto,,,
L1-02,L3-IMF,保司市场反馈与数据回流,L4-IMF-12,数据反向学习,《反向学习洞察》,专业审批,是,2,2,2,2,2,2,12,Aug,,,
L1-02,L3-IMF,保司市场反馈与数据回流,L4-IMF-13,多保司数据对比授权,《授权清单》,合规签字,是,2,1,2,1,1,0,7,Hybrid,,,
L1-02,L3-IPI-ONB,产品上架（拆分后）,L4-IPI-01,产品元数据录入配置,《Portfolio分析报告》,专业审批,是,3,3,3,3,2,2,16,Auto,,,
L1-02,L3-IPI-ONB,产品上架（拆分后）,L4-IPI-02,佣金政策拆解配置,《Portfolio分析报告》,无明显判断成分,否,3,3,3,3,2,2,16,Auto,,,
L1-02,L3-IPI-ONB,产品上架（拆分后）,L4-IPI-03,资源匹配至业务线,《Portfolio分析报告》,组合拍板,是,2,2,2,2,2,2,12,Aug,,,
L1-02,L3-IPI-ONB,产品上架（拆分后）,L4-IPI-04,试运行与小范围测试,《Portfolio分析报告》,异常介入,是,2,2,2,2,2,2,12,Aug,,,
L1-02,L3-IPI-ONB,产品上架（拆分后）,L4-IPI-05,全面上架与发布,《Portfolio分析报告》,无明显判断成分,否,2,2,2,2,2,2,12,Aug,,,
L1-02,L3-IPI-ONB,产品上架（拆分后）,L4-IPI-06,产品版本管理,《Portfolio分析报告》,专业审批,是,3,3,3,3,2,2,16,Auto,,,
L1-02,L3-IPI-ONB,产品上架（拆分后）,L4-IPI-09,产品异常事件处置,《Portfolio分析报告》,危机应对,是,2,1,2,1,2,1,9,Hybrid,,,
L1-02,L3-IPI-ONB,产品上架（拆分后）,L4-IPI-11,产品与权益搭配运营,《Portfolio分析报告》,创意判断,是,2,2,2,2,2,2,12,Aug,,,
L1-02,L3-IPI-OPS,日常运营（拆分后）,L4-IPI-08,Portfolio管理,《Portfolio分析报告》,组合拍板,是,2,2,2,2,2,2,12,Aug,,,
L1-02,L3-IPI-OPS,日常运营（拆分后）,L4-IPI-10,产品跨业务线迁移,《Portfolio分析报告》,跨部门协调,是,2,2,2,2,2,2,12,Aug,,,
L1-02,L3-IPI-OPS,日常运营（拆分后）,L4-IPI-12,业绩数据反馈,《Portfolio分析报告》,无明显判断成分,否,3,3,3,3,2,2,16,Auto,,,
L1-02,L3-IPI-OPS,日常运营（拆分后）,L4-IPI-13,产品客户体验监控,《Portfolio分析报告》,异常介入,是,3,3,2,3,2,2,15,Auto,,,
L1-02,L3-IRI,保司资源整合与深度对接,L4-IRI-01,权限清单谈判,《权限清单》,关系谈判,是,1,0,0,0,0,1,2,Human,,,
L1-02,L3-IRI,保司资源整合与深度对接,L4-IRI-02,保司资源盘点,《资源对接清单》,无明显判断成分,否,2,2,2,2,2,2,12,Aug,,,
L1-02,L3-IRI,保司资源整合与深度对接,L4-IRI-03,系统数据团队对接,对接完成报告,跨部门协调,是,2,2,2,2,2,2,12,Aug,,,
L1-02,L3-IRI,保司资源整合与深度对接,L4-IRI-04,权限生效与配置,权限生效通知,异常介入,是,3,3,3,3,2,2,16,Auto,,,
L1-02,L3-IRI,保司资源整合与深度对接,L4-IRI-05,整合就绪确认,《整合就绪确认书》,合规签字,是,2,2,2,2,2,2,12,Aug,,,
L1-02,L3-IRI,保司资源整合与深度对接,L4-IRI-06,保司IT系统深度对接,《对接技术规范》,专业审批,是,2,2,2,2,2,2,12,Aug,,,
L1-02,L3-IRI,保司资源整合与深度对接,L4-IRI-07,保司内部培训与换手,《培训换手记录》,物理执行,是,2,1,2,2,1,1,9,Hybrid,,是,
L1-02,L3-IRR,保司绩效评估与续约决策,L4-IRR-01,合作周期数据汇总,《周期总结报告》,无明显判断成分,否,3,3,3,3,2,2,16,Auto,,,
L1-02,L3-IRR,保司绩效评估与续约决策,L4-IRR-02,内部联合评估,《内部评估结论》,战略决策,是,2,2,2,2,2,2,12,Aug,,,
L1-02,L3-IRR,保司绩效评估与续约决策,L4-IRR-03,保司联合评估会议,《联合评估结论》,关系谈判,是,1,0,0,0,0,1,2,Human,,,
L1-02,L3-IRR,保司绩效评估与续约决策,L4-IRR-04,续约谈判或终止,新合同/终止协议,关系谈判,是,0,0,0,0,0,1,1,Human,,,
L1-02,L3-IRR,保司绩效评估与续约决策,L4-IRR-05,决议执行与内部沟通,决议通知,无明显判断成分,否,2,2,2,2,2,2,12,Aug,,,
L1-02,L3-IRR,保司绩效评估与续约决策,L4-IRR-06,续约前流失预警,《流失预警报告》,异常介入,是,3,3,3,3,2,2,16,Auto,,,
L1-02,L3-IRR,保司绩效评估与续约决策,L4-IRR-07,续约条款升级谈判,《升级方案》,关系谈判,是,2,1,1,0,0,1,5,Hybrid,,,
L1-02,L3-IRR,保司绩效评估与续约决策,L4-IRR-08,续约后100天成效,《100天交付清单》,无明显判断成分,否,2,2,2,2,2,2,12,Aug,,,
L1-02,L3-IRR,保司绩效评估与续约决策,L4-IRR-09,保司决策层变动应对,《变动应对记录》,危机应对,是,2,0,1,1,0,1,5,Hybrid,,,
L1-02,L3-IRR,保司绩效评估与续约决策,L4-IRR-10,Phase 3升级联动,《升级时机评估》,战略决策,是,1,0,0,0,0,1,2,Human,,,
L1-02,L3-IRR,保司绩效评估与续约决策,L4-IRR-11,终止后资产回收,《回收清单》,无明显判断成分,否,3,3,3,3,2,2,16,Auto,,,
L1-02,L3-IRR,保司绩效评估与续约决策,L4-IRR-12,终止后关系维护,《机会池维护记录》,关系谈判,是,2,0,1,2,0,1,6,Hybrid,,,
L1-02,L3-IRR,保司绩效评估与续约决策,L4-IRR-13,多年长约战略绑定,《长约方案》,战略决策,是,1,0,0,0,0,1,2,Human,,,
L1-02,L3-JOPD,联合运营项目交付,L4-JOPD-01,项目启动与组织准备,《联合运营项目启动确认单》（含项目团队组建名单、启动会议纪要、组织架构确认书）,组合拍板,是,2,2,2,1,1,1,9,Hybrid,,,
L1-02,L3-JOPD,联合运营项目交付,L4-JOPD-02,业务方案与市场分析,《联合运营业务方案与市场分析报告》（含业务目标、合作模式、市场数据、业绩预测）,专业审批,是,2,1,2,1,1,1,8,Hybrid,,,
L1-02,L3-JOPD,联合运营项目交付,L4-JOPD-03,系统与品牌物料就绪,《系统与品牌物料就绪确认包》（系统配置完成确认单、品牌物料包、LMS培训路径配置）,无明显判断成分,否,2,2,2,2,1,1,10,Aug,,,
L1-02,L3-JOPD,联合运营项目交付,L4-JOPD-04,人力资源就绪,《人力资源就绪包》（岗位说明书、关键岗位招聘到岗确认、薪酬结构确认、培训完成声明）,专业审批,是,2,1,2,1,1,1,8,Hybrid,,,
L1-02,L3-JOPD,联合运营项目交付,L4-JOPD-05,知识资产交付,《知识资产交付包》（产品资料、一页通、深度研究报告、资讯营销包、培训PPT清单）,无明显判断成分,否,2,2,2,2,1,1,10,Aug,,,
L1-02,L3-KAEC,获取KA资源,L4-KAEC-01,KA线索接收与信息登记,《KA信息记录》,无明显判断成分,是,1,1,1,1,1,1,6,Hybrid,,,
L1-02,L3-KAEC,获取KA资源,L4-KAEC-02,KA初步筛选与意向确认,《KA初步筛选记录》,专业审批,是,2,1,2,1,1,1,8,Hybrid,,,模板化+阈值修正
L1-02,L3-KAEC,获取KA资源,L4-KAEC-03,KA移交与跟进分配,《KA分配记录》,无明显判断成分,否,2,2,2,2,1,1,10,Aug,,,
L1-02,L3-KAGA,KA业绩跟踪与运维,L4-KAGA-01,定期业绩数据收集,Excel报表包（待建设）。当前数据分散在签单系统（个人视角）和MoMo个人大表中。流程蓝图V1.1确认业绩会流于形式,无明显判断成分,否,2,1,2,2,1,2,10,Aug,,,"治理发现:数据分散,业绩会流于形式"
L1-02,L3-KAGA,KA业绩跟踪与运维,L4-KAGA-02,业绩复盘与问题诊断,Excel报表包（待建设）。当前数据分散在签单系统（个人视角）和MoMo个人大表中。流程蓝图V1.1确认业绩会流于形式,专业审批,是,2,1,2,2,1,2,10,Aug,,,治理发现:数据分散
L1-02,L3-KAGA,KA业绩跟踪与运维,L4-KAGA-03,策略调整与赋能支持,Excel报表包（待建设）。当前数据分散在签单系统（个人视角）和MoMo个人大表中。流程蓝图V1.1确认业绩会流于形式,专业审批,是,2,1,2,1,1,1,8,Hybrid,,,
L1-02,L3-KAGA,KA业绩跟踪与运维,L4-KAGA-04,KA关系维护与长效运营,《KA运营记录》,关系谈判,是,2,1,2,1,1,1,8,Hybrid,,,
L1-02,L3-KAOE,陪跑与转化,L4-KAOE-01,陪跑需求分析,《陪跑需求分析报告》,专业审批,是,2,1,2,2,1,2,10,Aug,,,
L1-02,L3-KAOE,陪跑与转化,L4-KAOE-02,陪跑计划制定,《陪跑计划》,专业审批,是,2,1,2,1,1,1,8,Hybrid,,,
L1-02,L3-KAOE,陪跑与转化,L4-KAOE-03,陪跑执行与跟进,《陪跑执行记录》,物理执行,是,2,1,2,1,1,1,8,Hybrid,,是,
L1-02,L3-KAOE,陪跑与转化,L4-KAOE-04,业务跟进与复盘,《首单成交记录》,无明显判断成分,是,1,1,1,1,1,1,6,Hybrid,,,
L1-02,L3-KAOP,KA上架准备,L4-KAOP-01,合同签回确认与档案建立,《KA合作档案》,合规签字,是,2,1,2,1,1,1,8,Hybrid,,,旧版人介入点与名称不匹配疑似错位
L1-02,L3-KAOP,KA上架准备,L4-KAOP-02,系统配置与权益包激活,《系统配置记录》,无明显判断成分,否,2,2,2,2,1,2,10,Aug,,,
L1-02,L3-KAOP,KA上架准备,L4-KAOP-03,产品资料包发放确认,《资料发放确认记录》,无明显判断成分,否,2,2,2,2,1,2,10,Aug,,,
L1-02,L3-KAOP,KA上架准备,L4-KAOP-04,上架就绪确认与赋能启动,《KA上架就绪确认》,组合拍板,是,2,2,2,2,1,2,10,Aug,,,
L1-02,L3-RSJD,经代机构销售业务执行流程,L4-RSJD-01,销售执行与客户管理,销售合规审计报告,专业审批,是,2,1,2,1,1,1,8,Hybrid,,,
L1-02,L3-RSJD,经代机构销售业务执行流程,L4-RSJD-02,财务模型测算,销售合规审计报告,专业审批,是,2,2,2,2,1,2,10,Aug,是,,
L1-02,L3-RSJD,经代机构销售业务执行流程,L4-RSJD-03,内部审核与校准,销售合规审计报告,专业审批,是,2,1,2,1,1,1,8,Hybrid,,,
L1-02,L3-RSJD,经代机构销售业务执行流程,L4-RSJD-04,方案交付,销售合规审计报告,无明显判断成分,否,2,1,2,1,1,1,8,Hybrid,,,
L1-02,L3-UCA,联合运营合约E2E,L4-UCS-01,交付物质量与合规性终验,已签署合同,合规签字,是,2,1,2,1,1,1,8,Hybrid,,,
L1-02,L3-UCA,联合运营合约E2E,L4-UCS-02,交付包整合与知识转移准备,《交付物包》,创意判断,是,1,0,1,0,0,1,3,Human,,,
L1-02,L3-UCA,联合运营合约E2E,L4-UCT-01,动态条款库配置,《合同草案V1》,专业审批,是,2,1,2,1,1,1,8,Hybrid,,,
L1-02,L3-UCA,联合运营合约E2E,L4-UCT-02,经代机构审批节点嵌入,《审批节点配置说明》,专业审批,是,2,1,2,1,1,1,8,Hybrid,,,
L1-02,L3-UCA,联合运营合约E2E,L4-UCT-03,合同附件准备,合同/协议文件,无明显判断成分,否,2,1,2,1,1,1,8,Hybrid,,,
L1-04,L3-ASD,经代机构售后服务流程,L4-ASD-01,售后服务执行与质量监控,售后服务质量监控报告,专业审批,是,2,1,2,1,1,1,8,Hybrid,,,阈值修正
L1-04,L3-BSRV,经代机构结算与日常运营评估,L4-BSRV-01,日常运营协同,无（过程活动）,跨部门协调,是,2,1,2,1,1,1,8,Hybrid,,,阈值修正
L1-04,L3-BSRV,经代机构结算与日常运营评估,L4-BSRV-02,结算与评估,《机构结算核对台账》（按费用类型：结算服务费/权益费/管理费/合规费/邮箱费）,专业审批,是,2,1,2,1,1,1,8,Hybrid,是,,阈值修正
L1-04,L3-HRA,人力分析与决策支持流程,L4-HRA-01,人效数据采集与清洗,各类分析报告,无明显判断成分,否,2,2,2,2,1,1,10,Aug,,,
L1-04,L3-HRA,人力分析与决策支持流程,L4-HRA-02,人效分析与对标,各类分析报告,专业审批,是,2,2,2,2,1,1,10,Aug,,,
L1-04,L3-HRA,人力分析与决策支持流程,L4-HRA-03,人员成本分析,各类分析报告,专业审批,是,2,2,2,2,1,1,10,Aug,,,
L1-04,L3-HRA,人力分析与决策支持流程,L4-HRA-04,薪酬市场对标分析,各类分析报告,专业审批,是,2,1,2,1,1,1,8,Hybrid,,,
L1-04,L3-HRA,人力分析与决策支持流程,L4-HRA-05,人员素质结构盘点,各类分析报告,专业审批,是,2,2,2,2,1,1,10,Aug,,,
L1-04,L3-HRA,人力分析与决策支持流程,L4-HRA-06,流失率分析与预警,各类分析报告,异常介入,是,2,2,2,2,1,1,10,Aug,,,
L1-04,L3-HRA,人力分析与决策支持流程,L4-HRA-07,人力诊断报告与改善建议,人力资源诊断与改善建议报告,专业审批,是,2,1,2,1,1,1,8,Hybrid,,,
L1-04,L3-HRM,人员全生命周期管理流程,L4-HRM-01,定岗定编与岗位设计,岗位编制方案+岗位JD,战略决策/组合拍板,是,1,1,1,1,1,1,6,Hybrid,,,
L1-04,L3-HRM,人员全生命周期管理流程,L4-HRM-02,招聘选拔与面试评估,劳动合同/offer+系统权限,专业审批,是,2,1,1,1,1,1,7,Hybrid,,,
L1-04,L3-HRM,人员全生命周期管理流程,L4-HRM-03,入职配置与合同签署,劳动合同/offer+系统权限,合规签字,是,2,2,2,2,1,2,11,Aug,,,
L1-04,L3-HRM,人员全生命周期管理流程,L4-HRM-04,试用期考核与转正,试用期考核+成长路径方案,专业审批,是,2,1,2,1,1,1,8,Hybrid,,,
L1-04,L3-HRM,人员全生命周期管理流程,L4-HRM-05,在职培训与发展,试用期考核+成长路径方案,物理执行,是,2,1,2,1,1,1,8,Hybrid,,是,
L1-04,L3-HRM,人员全生命周期管理流程,L4-HRM-06,绩效考核与结果应用,绩效考核结果+结果应用记录,专业审批,是,2,1,2,1,1,1,8,Hybrid,,,
L1-04,L3-HRM,人员全生命周期管理流程,L4-HRM-07,薪酬激励与发放,薪酬记录+晋升记录+员工档案,合规签字/资金安全,是,2,2,2,2,1,2,11,Aug,是,,资金安全强制人工关卡
L1-04,L3-HRM,人员全生命周期管理流程,L4-HRM-08,晋升与调岗管理,薪酬记录+晋升记录+员工档案,专业审批,是,2,1,2,1,1,1,8,Hybrid,,,
L1-04,L3-HRM,人员全生命周期管理流程,L4-HRM-09,人员退出与档案归档,薪酬记录+晋升记录+员工档案,合规签字,是,2,2,2,1,1,2,10,Aug,,,
L1-04,L3-KAEM,KA赋能,L4-KAEM-01,KA培训计划制定与执行,《培训记录》,专业审批,是,2,1,2,1,1,1,8,Hybrid,,,阈值修正
L1-04,L3-KAEM,KA赋能,L4-KAEM-02,提供销售培训,Excel/邮件记录。P1: 批次8确认无标准化模板；系统不行，纯手工操作；培训同行发起多，KA发起少,物理执行,是,2,1,2,1,1,1,8,Hybrid,,是,"治理发现:无标准化模板,纯手工"
L1-04,L3-KAEM,KA赋能,L4-KAEM-03,KA营销资源支持,RW权益系统数据记录 + Excel台账。P1: 批次8确认核销形式化；系统不行，纯手工；MoMo→马原媛→杜永平口头传递；人手算权益激励金然后修正数据；影响签约/开户/赋能全流程,专业审批,是,2,1,2,1,1,1,8,Hybrid,,,治理发现:核销形式化
L1-04,L3-KAEM,KA赋能,L4-KAEM-04,赋能效果评估与持续跟进,《赋能效果评估》,专业审批,是,2,1,2,1,1,1,8,Hybrid,,,
L1-04,L3-RCM,风险管理与合规监控,L4-RCM-01,渠道信用评估,《渠道信用评估报告》（含信用等级/风险提示）,专业审批,是,2,1,2,1,1,1,8,Hybrid,,,阈值修正
L1-04,L3-RCM,风险管理与合规监控,L4-RCM-02,合规审计,《保单审计报告》+《保单财务审计报告》+《抽样保单审计报告终稿》,合规签字,是,2,2,2,1,1,2,10,Aug,,,阈值修正
L1-04,L3-URD,联合运营需求诊断,L4-URD-01,业务现状调研与分析,《重复机构检查报告》,专业审批,是,2,1,2,1,1,1,8,Hybrid,,,阈值修正
L1-04,L3-URD,联合运营需求诊断,L4-URD-02,需求初筛,《数字化成熟度报告》,专业审批,是,2,1,2,1,1,1,8,Hybrid,,,阈值修正
L1-04,L3-URD,联合运营需求诊断,L4-URD-03,初步商机规模预测,《商机规模预测》,专业审批,是,2,2,2,2,1,2,11,Aug,,,
L1-04,L3-URD,联合运营需求诊断,L4-URD-04,机构战略匹配度评估,《战略匹配度评分》,战略决策/组合拍板,是,2,1,2,1,1,1,8,Hybrid,,,阈值修正
L1-04,L3-URD,联合运营需求诊断,L4-URD-05,联合运营需求诊断,《重复机构检查报告》+《数字化成熟度报告》+《商机规模预测》+《战略匹配度评分》。P1熔断: 批次8确认联合运营判断需长期合作后才能识别，无前置诊断标准,专业审批,是,2,1,2,1,1,1,8,Hybrid,,,阈值修正
L1-04,L3-URF,联合运营资源规整与框架方案设计,L4-URF-01,标准化资源库调用,《联合运营框架方案》,无明显判断成分,否,2,1,2,1,1,1,8,Hybrid,,,阈值修正
L1-04,L3-URF,联合运营资源规整与框架方案设计,L4-URF-02,定制化内容方案设计,《定制化内容方案设计》,创意判断,是,2,1,2,1,1,1,8,Hybrid,,,阈值修正
L1-05,L3-CAS,竞争与获客策略制定流程,L4-CA-01,竞争策略制定,竞争应对预案库,战略决策/创意判断,是,1,1,1,1,1,1,6,Hybrid,,,
L1-05,L3-CAS,竞争与获客策略制定流程,L4-CA-02,获客策略制定,客户优先级清单 + 核心信息框架,战略决策,是,1,1,1,1,1,1,6,Hybrid,,,
L1-05,L3-CAS,竞争与获客策略制定流程,L4-CA-03,战术整合,客户获取作战地图（主交付物）,组合拍板,是,1,1,1,1,1,1,6,Hybrid,,,
L1-05,L3-CDA-SRA,权益客户需求诊断与服务需求分析,L4-CDA-SRA-01,需求收集与初步确认,《权益需求收集表》,无明显判断成分,否,2,2,2,2,1,1,10,Aug,,,
L1-05,L3-CDA-SRA,权益客户需求诊断与服务需求分析,L4-CDA-SRA-02,内部需求分析,《经确认的客户权益需求清单》,专业审批,是,2,1,2,1,1,1,8,Hybrid,,,
L1-05,L3-CDS,权益相关商务合同起草与签订,L4-CDS-01,起草合同要点确认,《起草合同要点确认》,专业审批,是,2,1,2,1,1,1,8,Hybrid,,,阈值修正
L1-05,L3-CDS,权益相关商务合同起草与签订,L4-CDS-02,签署核对与完成,已签权益商务合同/RW协议登记表,合规签字,是,2,2,2,2,1,2,11,Aug,,,阈值修正
L1-05,L3-COB,客户入驻权益服务启动,L4-COB-01,服务项目启动,服务使用规则,专业审批,是,2,1,2,1,1,1,8,Hybrid,,,阈值修正
L1-05,L3-COB,客户入驻权益服务启动,L4-COB-02,系统与账户初始化,RW权益包配置表,无明显判断成分,否,2,2,2,2,1,2,11,Aug,,,阈值修正
L1-05,L3-COB,客户入驻权益服务启动,L4-COB-03,客户赋能,内训素材；权益包使用规则；服务使用规则,物理执行,是,2,1,2,1,1,1,8,Hybrid,,是,阈值修正
L1-05,L3-CRR,合作伙伴续约管理,L4-CRR-06,续约到期识别,合作伙伴到期审核记录,异常介入,是,2,2,2,2,1,1,10,Aug,,,
L1-05,L3-CRR,合作伙伴续约管理,L4-CRR-07,出单核查与续约资格判定,出单核查结果 + 续签/终止决定,专业审批,是,2,2,2,1,1,1,9,Hybrid,,,
L1-05,L3-CRR,合作伙伴续约管理,L4-CRR-08,续约前流失预警触发与介入,续约前流失预警报告,异常介入,是,2,2,2,2,1,1,10,Aug,,,
L1-05,L3-CRR,合作伙伴续约管理,L4-CRR-09,续签DD重审,DD重审记录（续签专用）,合规签字,是,2,1,2,1,1,2,9,Hybrid,,,
L1-05,L3-CRR,合作伙伴续约管理,L4-CRR-10,续签合同签署,续签合同,合规签字,是,2,2,2,1,1,2,10,Aug,,,
L1-05,L3-CRR,合作伙伴续约管理,L4-CRR-11,合约终止执行,合约终止通知 + 归档记录,专业审批/关系谈判,是,2,1,2,1,1,1,8,Hybrid,,,
L1-05,L3-EO,理财师权益分级与绩效监控,L4-EO-01,业绩数据与分级规则引擎,理财师分级清单,无明显判断成分,否,3,3,3,3,2,2,16,Auto,,,
L1-05,L3-EO,理财师权益分级与绩效监控,L4-EO-02,分级公示与申诉,最终分级清单,异常介入,是,3,2,3,3,2,2,15,Auto,,,
L1-05,L3-EO,理财师权益分级与绩效监控,L4-EO-03,权益包配置与兑现,权益兑现记录,无明显判断成分,否,3,3,3,3,2,2,16,Auto,,,
L1-05,L3-EO,理财师权益分级与绩效监控,L4-EO-04,分级与权益效果监控,《分级效果报告》,无明显判断成分,否,3,3,3,3,2,2,16,Auto,,,
L1-05,L3-EO,理财师权益分级与绩效监控,L4-EO-05,规则迭代与基本法对齐,规则调整提案,战略决策,是,1,0,0,0,0,2,3,Human,,,
L1-05,L3-EO,理财师权益分级与绩效监控,L4-EO-06,新人保底权益,《保底发放记录》,无明显判断成分,否,3,3,3,3,2,2,16,Auto,是,,
L1-05,L3-EO,理财师权益分级与绩效监控,L4-EO-07,团队长带团权益,《带团权益记录》,无明显判断成分,否,3,3,3,3,2,2,16,Auto,是,,
L1-05,L3-EO,理财师权益分级与绩效监控,L4-EO-08,追溯调整,《追溯调整记录》,异常介入,是,3,3,3,3,2,2,16,Auto,是,,
L1-05,L3-EO,理财师权益分级与绩效监控,L4-EO-09,个性化定制,《个性化配置记录》,创意判断,是,2,1,2,1,1,1,8,Hybrid,,,
L1-05,L3-KPI,战略目标与绩效体系建立流程,L4-KPI-01,公司战略解码与顶层目标确认,《顶层目标说明》,战略决策,是,1,1,1,0,0,1,4,Human,,,
L1-05,L3-KPI,战略目标与绩效体系建立流程,L4-KPI-02,平衡计分卡框架设计,《平衡计分卡框架》,战略决策/组合拍板,是,1,1,1,1,1,1,6,Hybrid,,,
L1-05,L3-KPI,战略目标与绩效体系建立流程,L4-KPI-03,KPI指标定义与文档化,《KPI定义文档》,专业审批,是,2,1,2,1,1,1,8,Hybrid,,,
L1-05,L3-KPI,战略目标与绩效体系建立流程,L4-KPI-04,目标值设定与校准,《目标值设定文档》,专业审批/组合拍板,是,2,1,2,1,1,1,8,Hybrid,,,
L1-05,L3-KPI,战略目标与绩效体系建立流程,L4-KPI-05,部门承诺书签署与确认,《各部门承诺书》,合规签字,是,2,2,2,1,1,2,10,Aug,,,
L1-05,L3-KPI,战略目标与绩效体系建立流程,L4-KPI-06,KPI体系系统集成与BI配置,《系统配置规范》,无明显判断成分,否,2,2,2,2,1,1,10,Aug,,,
L1-05,L3-MED,市场进入模式设计流程,L4-GTM-01,渠道策略设计,渠道策略方案,战略决策,是,1,1,1,1,1,1,6,Hybrid,,,
L1-05,L3-MED,市场进入模式设计流程,L4-GTM-02,合作伙伴策略制定,合作伙伴策略文档,战略决策,是,1,1,1,1,1,1,6,Hybrid,,,
L1-05,L3-MED,市场进入模式设计流程,L4-GTM-03,定价与收入模式设计,定价策略文档,专业审批,是,1,1,1,1,1,1,6,Hybrid,,,
L1-05,L3-MED,市场进入模式设计流程,L4-GTM-04,财务模型与可行性分析,财务预测模型,专业审批,是,2,1,2,1,1,1,8,Hybrid,,,
L1-05,L3-MED,市场进入模式设计流程,L4-GTM-05,运营流程设计,业务流程架构图 + 业务模型完整方案（主交付物）,组合拍板,是,1,1,1,1,1,1,6,Hybrid,,,
L1-05,L3-MEI,市场进入策略整合流程,L4-ST-01,策略要素整合,策略要素完整包,组合拍板,是,1,1,1,1,1,1,6,Hybrid,,,
L1-05,L3-MEI,市场进入策略整合流程,L4-ST-02,策略一致性检验,一致性检验结论,专业审批,是,2,1,2,1,1,1,8,Hybrid,,,
L1-05,L3-MEI,市场进入策略整合流程,L4-ST-03,策略文档定稿与发布,市场进入策略整合文档（主交付物）+ 关键假设清单,专业审批,是,2,1,2,1,1,1,8,Hybrid,,,
L1-05,L3-MIO,市场洞察与机会识别流程,L4-MA-01,市场调研规划与定性研究,市场调研计划书 + 客户访谈记录与洞察分析,专业审批,是,1,1,1,1,1,1,6,Hybrid,,,
L1-05,L3-MIO,市场洞察与机会识别流程,L4-MA-02,定量市场验证与竞争扫描,竞争分析报告 + 市场规模验证报告,专业审批,是,2,1,2,1,1,1,8,Hybrid,,,
L1-05,L3-MIO,市场洞察与机会识别流程,L4-MA-03,洞察整合与知识管理,客户旅程图+痛点地图 + 市场深度分析报告（主交付物）+ 知识库更新记录,专业审批,是,2,1,2,1,1,1,8,Hybrid,,,
L1-05,L3-OBC,权益方案目标确认与共识达成,L4-OBC-01,项目启动与范围确认,《项目启动与范围确认》,专业审批,是,2,1,2,1,1,1,8,Hybrid,,,阈值修正
L1-05,L3-OBC,权益方案目标确认与共识达成,L4-OBC-02,设置目标,《设置目标》,战略决策/组合拍板,是,2,1,2,1,1,1,8,Hybrid,,,阈值修正
L1-05,L3-OBC,权益方案目标确认与共识达成,L4-OBC-03,方案汇报与决策,终版权益规划方案,战略决策,是,2,1,2,1,1,1,8,Hybrid,,,阈值修正
L1-05,L3-OBC,权益方案目标确认与共识达成,L4-OBC-04,方案移交,终版权益规划方案（移交版）,创意判断,是,1,0,1,0,0,1,3,Human,,,
L1-05,L3-RPD,权益包设计与发布,L4-RPD-01,权益包核心构建,权益包使用规则,创意判断,是,1,0,1,0,0,1,3,Human,,,
L1-05,L3-RPD,权益包设计与发布,L4-RPD-02,资源与目标规划,权益包使用规则；服务使用规则,创意判断,是,1,0,1,0,0,1,3,Human,,,
L1-05,L3-RPD,权益包设计与发布,L4-RPD-04,规则细化与完善,服务使用规则,创意判断,是,1,0,1,0,0,1,3,Human,,,
L1-05,L3-RPD,权益包设计与发布,L4-RPD-05,推广营销,权益海报/PPT/宣达文案,创意判断,是,1,1,1,1,0,1,5,Hybrid,,,
L1-05,L3-RPD,权益包设计与发布,L4-RPD-06,系统配置,DIM_Strategy/Config_Strategy_Header/Tiers/Bridge_Strategy_Routing（四张配置表）,无明显判断成分,否,2,2,2,2,1,2,11,Aug,,,阈值修正
L1-05,L3-RSD,权益方案框架设计,L4-RSD-01,权益方案需求分析与框架设计,初版权益规划方案；权益成本测算表；权益测算模型表；权益商务&财务路径图,专业审批/组合拍板,是,2,1,2,1,1,1,8,Hybrid,,,阈值修正
L1-05,L3-SLM,权益上市推广,L4-SLM-01,权益定价与成本核算,《定价方案》；内部发布通知,无明显判断成分,否,3,3,3,3,2,2,16,Auto,是,,
L1-05,L3-SLM,权益上市推广,L4-SLM-02,法务与合规审查前置,《合规审查意见书》；触达记录,合规签字,是,3,3,3,3,2,2,16,Auto,,,
L1-05,L3-SLM,权益上市推广,L4-SLM-03,跨部门联动沟通,《联动沟通记录》；《试点报告》,跨部门协调,是,2,2,2,2,2,2,12,Aug,,,
L1-05,L3-SLM,权益上市推广,L4-SLM-04,上市前准备与内部发布,发布数据,异常介入,是,3,2,3,3,2,2,15,Auto,,,
L1-05,L3-SLM,权益上市推广,L4-SLM-05,目标受益方触达与告知,权益上市推广素材,无明显判断成分,否,2,2,2,2,2,2,12,Aug,,,
L1-05,L3-SLM,权益上市推广,L4-SLM-06,首批试点与验证,《试点报告》,合规签字,是,2,2,2,1,1,2,10,Aug,,,阈值修正
L1-05,L3-SLM,权益上市推广,L4-SLM-07,灰度放量与全量发布,发布数据,异常介入,是,2,2,2,2,1,2,11,Aug,,,阈值修正
L1-05,L3-SLM,权益上市推广,L4-SLM-08,上市效果评估与复盘,《上市效果评估》,专业审批,是,2,1,2,1,1,1,8,Hybrid,,,阈值修正
L1-05,L3-SOB,服务项寻源与上架,L4-SOB-01,服务寻源,《服务寻源报告》,专业审批,是,2,1,2,1,1,1,8,Hybrid,,,阈值修正
L1-05,L3-SOB,服务项寻源与上架,L4-SOB-02,服务设计,《服务设计文档》,创意判断,是,2,1,2,1,1,1,8,Hybrid,,,阈值修正
L1-05,L3-SOB,服务项寻源与上架,L4-SOB-03,服务上架,发布通知/上架确认,创意判断,是,1,0,1,0,0,1,3,Human,,,
L1-05,L3-SPD,服务流程配置与培训,L4-SPD-01,服务流程设计,《服务流程设计文档》,专业审批,是,2,1,2,1,1,1,8,Hybrid,,,阈值修正
L1-05,L3-SPD,服务流程配置与培训,L4-SPD-02,服务流程培训,内训素材（PPT/文档）,物理执行,是,2,1,2,1,1,1,8,Hybrid,,是,阈值修正
L1-05,L3-SPO,服务跟踪处理与优化,L4-SPO-01,例行服务监控,监控数据/《例行服务监控报告》,无明显判断成分,否,2,1,2,1,1,1,8,Hybrid,,,阈值修正
L1-05,L3-SPO,服务跟踪处理与优化,L4-SPO-02,服务过程管理,《服务过程管理记录》,专业审批,是,2,1,2,1,1,1,8,Hybrid,,,阈值修正
L1-05,L3-SPO,服务跟踪处理与优化,L4-SPO-03,问题与变更管理,系统问题反馈表,异常介入,是,2,1,2,1,1,1,8,Hybrid,,,阈值修正
L1-05,L3-SRE,战略风险评价流程,L4-RM-01,战略风险识别与评估,初步风险清单 + 风险评级矩阵,专业审批/组合拍板,是,1,1,1,1,1,1,6,Hybrid,,,
L1-05,L3-SRE,战略风险评价流程,L4-RM-02,风险应对策略制定,风险应对预案集,战略决策,是,1,1,1,1,1,1,6,Hybrid,,,
L1-05,L3-SRE,战略风险评价流程,L4-RM-03,风险登记与沟通,正式风险登记册（主交付物）+ 风险沟通记录,无明显判断成分,否,2,2,2,2,1,1,10,Aug,,,
L1-05,L3-SRM,资源管理与协调,L4-SRM-01,外部资源对接,《外部资源对接》,跨部门协调,是,2,1,2,1,1,1,8,Hybrid,,,阈值修正
L1-05,L3-SRM,资源管理与协调,L4-SRM-02,转介渠道管理,《转介渠道管理记录》,专业审批,是,2,1,2,1,1,1,8,Hybrid,,,阈值修正
L1-05,L3-SSD,同行经代服务方案设计,L4-SSD-01,服务方案框架设计,同行经代服务方案（Word/PPT）,专业审批,是,2,1,2,1,1,1,8,Hybrid,,,阈值修正
L1-05,L3-SSD,同行经代服务方案设计,L4-SSD-02,个性化方案编写与评审,《个性化方案》,创意判断,是,2,1,2,1,1,1,8,Hybrid,,,阈值修正
L1-05,L3-SSVA,服务结算与价值核算,L4-SSVA-01,服务对账,INVOICE/对账单/激励结算单,无明显判断成分,否,2,2,2,2,1,2,11,Aug,是,,阈值修正
L1-05,L3-SSVA,服务结算与价值核算,L4-SSVA-02,激励结算,INVOICE/对账单/激励结算单,专业审批,是,2,1,2,1,1,1,8,Hybrid,是,,资金安全强制人工关卡;阈值修正
L1-05,L3-SSVA,服务结算与价值核算,L4-SSVA-03,成本测算及预算,《成本测算及预算》,专业审批,是,2,1,2,1,1,1,8,Hybrid,,,阈值修正
L1-05,L3-SSVA,服务结算与价值核算,L4-SSVA-04,制定预算计划,《制定预算计划》,专业审批/组合拍板,是,2,1,2,1,1,1,8,Hybrid,,,阈值修正
L1-05,L3-SVC,权益服务执行与支持,L4-SVC-ACTV-01,商考活动服务（服务需求提交）,《服务需求单》,无明显判断成分,否,2,2,2,2,1,1,10,Aug,,,
L1-05,L3-SVC,权益服务执行与支持,L4-SVC-BRND-01,品牌营销服务（服务需求提交）,《服务需求单》,无明显判断成分,否,2,2,2,2,1,1,10,Aug,,,
L1-05,L3-SVC,权益服务执行与支持,L4-SVC-COCH-01,教练陪跑服务（服务需求提交）,《服务需求单》,无明显判断成分,否,2,2,2,2,1,1,10,Aug,,,
L1-05,L3-SVC,权益服务执行与支持,L4-SVC-CONS-01,咨询顾问服务（服务需求提交）,《服务需求单》,无明显判断成分,否,2,2,2,2,1,1,10,Aug,,,
L1-05,L3-SVC,权益服务执行与支持,L4-SVC-IMED-01,移民教育服务（服务需求提交）,《服务需求单》,无明显判断成分,否,2,2,2,2,1,1,10,Aug,,,
L1-05,L3-SVC,权益服务执行与支持,L4-SVC-STLM-01,结算支持服务（服务需求提交）,《服务需求单》,无明显判断成分,否,2,2,2,2,1,1,10,Aug,,,
L1-05,L3-SVC,权益服务执行与支持,L4-SVC-TRNG-01,课程培训服务（服务需求提交）,《服务需求单》,无明显判断成分,否,2,2,2,2,1,1,10,Aug,,,
L1-05,L3-SVC,权益服务执行与支持,L4-SVC-TRVL-01,机酒车出行服务（服务需求提交）,《服务需求单》,无明显判断成分,否,2,2,2,2,1,1,10,Aug,,,
L1-05,L3-SVC,权益服务执行与支持,L4-SVC-ACTV-02,商考活动服务（服务处理与执行）,《服务执行记录》,物理执行,是,2,1,1,1,1,1,7,Hybrid,,是,
L1-05,L3-SVC,权益服务执行与支持,L4-SVC-BRND-02,品牌营销服务（服务处理与执行）,《服务执行记录》,专业审批,是,2,1,2,1,1,1,8,Hybrid,,,
L1-05,L3-SVC,权益服务执行与支持,L4-SVC-COCH-02,教练陪跑服务（服务处理与执行）,《服务执行记录》,物理执行,是,2,1,1,1,1,1,7,Hybrid,,是,
L1-05,L3-SVC,权益服务执行与支持,L4-SVC-CONS-02,咨询顾问服务（服务处理与执行）,《服务执行记录》,专业审批,是,2,1,2,1,1,1,8,Hybrid,,,
L1-05,L3-SVC,权益服务执行与支持,L4-SVC-IMED-02,移民教育服务（服务处理与执行）,《服务执行记录》,专业审批,是,2,1,2,1,1,1,8,Hybrid,,,
L1-05,L3-SVC,权益服务执行与支持,L4-SVC-STLM-02,结算支持服务（服务处理与执行）,《服务执行记录》,无明显判断成分,否,2,2,2,2,1,1,10,Aug,,,
L1-05,L3-SVC,权益服务执行与支持,L4-SVC-TRNG-02,课程培训服务（服务处理与执行）,《服务执行记录》,物理执行,是,2,1,1,1,1,1,7,Hybrid,,是,
L1-05,L3-SVC,权益服务执行与支持,L4-SVC-TRVL-02,机酒车出行服务（服务处理与执行）,《服务执行记录》,物理执行,是,2,1,1,1,1,1,7,Hybrid,,是,
L1-05,L3-SVC,权益服务执行与支持,L4-SVC-ACTV-03,商考活动服务（服务确认与反馈）,《服务确认书》,无明显判断成分,否,2,2,2,2,1,1,10,Aug,,,
L1-05,L3-SVC,权益服务执行与支持,L4-SVC-BRND-03,品牌营销服务（服务确认与反馈）,《服务确认书》,无明显判断成分,否,2,2,2,2,1,1,10,Aug,,,
L1-05,L3-SVC,权益服务执行与支持,L4-SVC-COCH-03,教练陪跑服务（服务确认与反馈）,《服务确认书》,无明显判断成分,否,2,2,2,2,1,1,10,Aug,,,
L1-05,L3-SVC,权益服务执行与支持,L4-SVC-CONS-03,咨询顾问服务（服务确认与反馈）,《服务确认书》,无明显判断成分,否,2,2,2,2,1,1,10,Aug,,,
L1-05,L3-SVC,权益服务执行与支持,L4-SVC-IMED-03,移民教育服务（服务确认与反馈）,《服务确认书》,无明显判断成分,否,2,2,2,2,1,1,10,Aug,,,
L1-05,L3-SVC,权益服务执行与支持,L4-SVC-STLM-03,结算支持服务（服务确认与反馈）,《服务确认书》,无明显判断成分,否,2,2,2,2,1,1,10,Aug,,,
L1-05,L3-SVC,权益服务执行与支持,L4-SVC-TRNG-03,课程培训服务（服务确认与反馈）,《服务确认书》,无明显判断成分,否,2,2,2,2,1,1,10,Aug,,,
L1-05,L3-SVC,权益服务执行与支持,L4-SVC-TRVL-03,机酒车出行服务（服务确认与反馈）,《服务确认书》,无明显判断成分,否,2,2,2,2,1,1,10,Aug,,,
L1-05,L3-VPV,价值主张设计与验证流程,L4-VP-01,价值主张创意生成,价值主张创意方案,创意判断,是,1,1,1,1,1,1,6,Hybrid,,,
L1-05,L3-VPV,价值主张设计与验证流程,L4-VP-02,主张验证与优化,结构化价值主张草案 + 可行性评审报告 + 概念测试反馈报告,专业审批,是,2,1,2,1,1,1,8,Hybrid,,,
L1-05,L3-VPV,价值主张设计与验证流程,L4-VP-03,沟通指引与批准,沟通指南与核心信息 + 批准的价值主张文档（主交付物）,合规签字/专业审批,是,2,1,2,1,1,1,8,Hybrid,,,
